Date,CHAR,  Ontario,    Ottawa-Gatineau,"      Ottawa-Gatineau, Quebec part","      Ottawa-Gatineau, Ontario part",    Kingston,    Belleville,    Peterborough,    Oshawa,    Toronto,    Hamilton,    St. Catharines - Niagara,    Kitchener - Cambridge - Waterloo,    Brantford,    Guelph,    London,    Windsor,    Barrie,    Greater Sudbury,    Thunder Bay
01/01/2020,Population,12146.9,1185,283,902,141.1,120.2,110.9,339.8,5457.9,663.1,369.9,487.3,118.2,138.4,457.7,299.4,178.4,145.1,106.9
01/01/2020,   Labour force,7927.2,823.4,190.8,632.6,87.4,60.3,63,223.4,3665.9,437.7,222.4,349.1,79.9,91.4,283.3,181.9,133.7,92.4,67.7
01/01/2020,      Employment,7504.9,788.8,182,606.7,82.1,55.2,58.3,208.1,3466.7,416,210,330.2,76.1,86.8,268.8,166.2,127.4,87.3,64.2
01/01/2020,      Unemployment,422.4,34.6,8.7,25.9,5.3,5.1,4.7,15.3,199.2,21.7,12.4,19,3.8,4.6,14.5,15.7,6.4,5.1,3.4
01/01/2020,Unemployment rate,5.3,4.2,4.6,4.1,6.1,8.5,7.5,6.8,5.4,5,5.6,5.4,4.8,5,5.1,8.6,4.8,5.5,5
01/01/2020,Participation rate,65.3,69.5,67.4,70.1,61.9,50.2,56.8,65.7,67.2,66,60.1,71.6,67.6,66,61.9,60.8,74.9,63.7,63.3
01/01/2020,Employment rate,61.8,66.6,64.3,67.3,58.2,45.9,52.6,61.2,63.5,62.7,56.8,67.8,64.4,62.7,58.7,55.5,71.4,60.2,60.1
02/01/2020,Population,12158.6,1186.4,283.1,903.2,141.3,123.4,111.1,340.1,5465,663.3,370.1,488.2,118.2,138.5,458.4,299.9,178.6,145.1,106.9
02/01/2020,   Labour force,7935.3,811.8,188.7,623.1,87.3,63.7,62.3,228.2,3671.3,436.7,220.8,351.5,78.7,91.7,283.5,182.9,136.4,93.1,67.6
02/01/2020,      Employment,7512.3,777.1,180.1,597,82.3,57.4,57.9,210.7,3471.4,415.2,208.5,332.4,74.4,87,269.4,167.8,130.2,88.2,64.2
02/01/2020,      Unemployment,423,34.8,8.6,26.1,4.9,6.3,4.4,17.5,200,21.5,12.3,19.1,4.3,4.7,14.1,15.1,6.2,5,3.4
02/01/2020,Unemployment rate,5.3,4.3,4.6,4.2,5.6,9.9,7.1,7.7,5.4,4.9,5.6,5.4,5.5,5.1,5,8.3,4.5,5.4,5
02/01/2020,Participation rate,65.3,68.4,66.7,69,61.8,51.6,56.1,67.1,67.2,65.8,59.7,72,66.6,66.2,61.8,61,76.4,64.2,63.2
02/01/2020,Employment rate,61.8,65.5,63.6,66.1,58.2,46.5,52.1,62,63.5,62.6,56.3,68.1,62.9,62.8,58.8,56,72.9,60.8,60.1
03/01/2020,Population,12171,1187.8,283.3,904.6,141.4,117.8,111.3,340.4,5472.6,663.5,370.4,489.2,118.3,138.6,459.1,300.4,178.8,145.2,106.9
03/01/2020,   Labour force,7854.9,798.4,188.7,609.7,86.6,60.2,61.3,229.1,3626.7,435,215.7,351.8,77.1,92.6,283.4,182,135.4,90.9,66.7
03/01/2020,      Employment,7358,758.4,177.7,580.7,80.7,52.8,56.4,208.3,3393.3,409.1,198.4,329.2,72.6,87.1,266.8,162,127.2,85.5,62.4
03/01/2020,      Unemployment,496.9,40,11,29,5.9,7.4,5,20.9,233.3,25.9,17.3,22.6,4.5,5.5,16.6,19.9,8.2,5.4,4.3
03/01/2020,Unemployment rate,6.3,5,5.8,4.8,6.8,12.3,8.2,9.1,6.4,6,8,6.4,5.8,5.9,5.9,10.9,6.1,5.9,6.4
03/01/2020,Participation rate,64.5,67.2,66.6,67.4,61.2,51.1,55.1,67.3,66.3,65.6,58.2,71.9,65.2,66.8,61.7,60.6,75.7,62.6,62.4
03/01/2020,Employment rate,60.5,63.8,62.7,64.2,57.1,44.8,50.7,61.2,62,61.7,53.6,67.3,61.4,62.8,58.1,53.9,71.1,58.9,58.4
04/01/2020,Population,12181.9,1189.1,283.4,905.7,141.7,109.1,111.5,340.6,5479.4,663.6,370.6,490,118.3,138.7,459.8,300.9,179,145.3,106.9
04/01/2020,   Labour force,7612.3,777.2,185.2,592,84.5,56.5,58.5,224.5,3500.3,421.7,208,340.2,76.8,92.3,274.6,172.2,131.3,87.1,64
04/01/2020,      Employment,6963.7,722.9,168,554.9,77,46.9,53.2,201.9,3196.7,388.4,185.6,310.5,69.8,83.6,250.7,149.1,119,80.9,58.4
04/01/2020,      Unemployment,648.6,54.3,17.3,37.1,7.5,9.6,5.3,22.6,303.6,33.4,22.4,29.8,7,8.7,23.9,23,12.3,6.3,5.6
04/01/2020,Unemployment rate,8.5,7,9.3,6.3,8.9,17,9.1,10.1,8.7,7.9,10.8,8.8,9.1,9.4,8.7,13.4,9.4,7.2,8.8
04/01/2020,Participation rate,62.5,65.4,65.3,65.4,59.6,51.8,52.5,65.9,63.9,63.5,56.1,69.4,64.9,66.5,59.7,57.2,73.4,59.9,59.9
04/01/2020,Employment rate,57.2,60.8,59.3,61.3,54.3,43,47.7,59.3,58.3,58.5,50.1,63.4,59,60.3,54.5,49.6,66.5,55.7,54.6
05/01/2020,Population,12191.4,1190.3,283.5,906.8,141.8,99.9,111.7,340.8,5485.5,663.7,370.8,490.8,118.3,138.8,460.4,301.4,179.2,145.3,106.9
05/01/2020,   Labour force,7413.4,763.4,180.2,583.1,83.7,53.1,56.4,218.8,3403.4,407.7,201.5,329.2,76.7,93.1,269.7,166.9,127.3,84.6,61.8
05/01/2020,      Employment,6568.2,694.9,159.2,535.6,73.7,43.2,50.3,193.3,2985.2,363,173,290.8,68.2,80.5,239.5,137.7,112.3,76.7,54.8
05/01/2020,      Unemployment,845.2,68.5,21,47.5,9.9,9.9,6.1,25.5,418.2,44.7,28.4,38.4,8.6,12.5,30.2,29.2,15,7.9,6.9
05/01/2020,Unemployment rate,11.4,9,11.7,8.1,11.8,18.6,10.8,11.7,12.3,11,14.1,11.7,11.2,13.4,11.2,17.5,11.8,9.3,11.2
05/01/2020,Participation rate,60.8,64.1,63.6,64.3,59,53.2,50.5,64.2,62,61.4,54.3,67.1,64.8,67.1,58.6,55.4,71,58.2,57.8
05/01/2020,Employment rate,53.9,58.4,56.2,59.1,52,43.2,45,56.7,54.4,54.7,46.7,59.3,57.7,58,52,45.7,62.7,52.8,51.3
06/01/2020,Population,12200.3,1191.4,283.6,907.8,142,96.4,111.8,341,5491.3,663.7,371,491.6,118.3,138.8,461,301.8,179.3,145.3,106.9
06/01/2020,   Labour force,7410.9,761.8,178.3,583.6,85.2,51.1,56.6,218.6,3404.8,407.8,203,324.3,79.2,94.5,269.1,166.9,126.8,84.1,60.9
06/01/2020,      Employment,6459.7,684.1,156.9,527.1,74.6,43.2,51,190.3,2919,354.1,172,281.9,68.4,80.4,237.9,140,113.3,75.7,53.9
06/01/2020,      Unemployment,951.2,77.8,21.3,56.5,10.6,7.9,5.5,28.3,485.7,53.7,31,42.3,10.8,14.2,31.2,26.8,13.5,8.4,7.1
06/01/2020,Unemployment rate,12.8,10.2,11.9,9.7,12.4,15.5,9.7,12.9,14.3,13.2,15.3,13,13.6,15,11.6,16.1,10.6,10,11.7
06/01/2020,Participation rate,60.7,63.9,62.9,64.3,60,53,50.6,64.1,62,61.4,54.7,66,66.9,68.1,58.4,55.3,70.7,57.9,57
06/01/2020,Employment rate,52.9,57.4,55.3,58.1,52.5,44.8,45.6,55.8,53.2,53.4,46.4,57.3,57.8,57.9,51.6,46.4,63.2,52.1,50.4
07/01/2020,Population,12210.7,1192.7,283.7,909,142.2,96.5,112,341.3,5497.9,663.8,371.2,492.5,118.4,138.9,461.6,302.3,179.5,145.4,106.8
07/01/2020,   Labour force,7605.6,778,180,598,87.6,49.3,58,224.6,3512.3,417.8,207.7,329.9,80.1,96.2,277.7,174.1,131.9,86.3,62
07/01/2020,      Employment,6643.5,700.5,162.2,538.4,77.7,43.5,51.9,195.6,2981.2,364.7,177.7,286.7,70.8,83,248.9,150.6,120.2,77.8,55.5
07/01/2020,      Unemployment,962.1,77.4,17.8,59.6,10,5.8,6.1,29.1,531.1,53.1,30,43.3,9.3,13.3,28.8,23.6,11.7,8.4,6.5
07/01/2020,Unemployment rate,12.6,9.9,9.9,10,11.4,11.8,10.5,13,15.1,12.7,14.4,13.1,11.6,13.8,10.4,13.6,8.9,9.7,10.5
07/01/2020,Participation rate,62.3,65.2,63.4,65.8,61.6,51.1,51.8,65.8,63.9,62.9,56,67,67.7,69.3,60.2,57.6,73.5,59.4,58.1
07/01/2020,Employment rate,54.4,58.7,57.2,59.2,54.6,45.1,46.3,57.3,54.2,54.9,47.9,58.2,59.8,59.8,53.9,49.8,67,53.5,52
08/01/2020,Population,12221.8,1193.9,283.8,910.1,142.3,100.5,112.2,341.5,5505,663.9,371.5,493.3,118.4,139,462.3,302.8,179.7,145.5,106.8
08/01/2020,   Labour force,7771.3,788.9,181.8,607.1,89.4,51.7,57.5,229.2,3616.1,423,214.5,336.1,80.7,97,283.9,176.9,132.5,86.8,63.2
08/01/2020,      Employment,6879.1,714.6,165.9,548.7,80.3,45,51.6,202.7,3114.6,375,185.8,293.2,72,85.7,256.5,156.8,121.8,79.5,57.5
08/01/2020,      Unemployment,892.2,74.3,15.9,58.4,9.1,6.8,5.9,26.5,501.6,48,28.7,42.8,8.7,11.3,27.4,20.1,10.6,7.3,5.7
08/01/2020,Unemployment rate,11.5,9.4,8.7,9.6,10.2,13.2,10.3,11.6,13.9,11.3,13.4,12.7,10.8,11.6,9.7,11.4,8,8.4,9
08/01/2020,Participation rate,63.6,66.1,64.1,66.7,62.8,51.4,51.2,67.1,65.7,63.7,57.7,68.1,68.2,69.8,61.4,58.4,73.7,59.7,59.2
08/01/2020,Employment rate,56.3,59.9,58.5,60.3,56.4,44.8,46,59.4,56.6,56.5,50,59.4,60.8,61.7,55.5,51.8,67.8,54.6,53.8
09/01/2020,Population,12233.4,1195.2,284,911.2,142.4,107.7,112.4,341.8,5512.3,664.1,371.8,494.2,118.4,139.1,462.9,303.3,179.9,145.5,106.8
09/01/2020,   Labour force,7870.2,791.6,181.3,610.3,89.3,54.6,58.1,231.1,3693.8,416.6,213.7,338,80.3,96.3,287.8,175.8,131.2,88.1,64.2
09/01/2020,      Employment,7040.8,724.7,166.5,558.1,81,48.5,51.5,208.8,3220.1,375.7,192.8,298,73.4,86.4,260.8,157.4,120.2,80.9,59.1
09/01/2020,      Unemployment,829.4,66.9,14.8,52.2,8.2,6.1,6.6,22.3,473.7,40.8,21,40,6.9,9.9,27,18.4,11,7.2,5
09/01/2020,Unemployment rate,10.5,8.5,8.2,8.6,9.2,11.2,11.4,9.6,12.8,9.8,9.8,11.8,8.6,10.3,9.4,10.5,8.4,8.2,7.8
09/01/2020,Participation rate,64.3,66.2,63.8,67,62.7,50.7,51.7,67.6,67,62.7,57.5,68.4,67.8,69.2,62.2,58,72.9,60.5,60.1
09/01/2020,Employment rate,57.6,60.6,58.6,61.2,56.9,45,45.8,61.1,58.4,56.6,51.9,60.3,62,62.1,56.3,51.9,66.8,55.6,55.3
10/01/2020,Population,12244.8,1196.7,284.2,912.4,142.5,110.4,112.6,342.1,5519.3,664.3,372,495.1,118.5,139.2,463.6,303.7,180.1,145.6,106.8
10/01/2020,   Labour force,7942.6,789.4,182.7,606.8,89.6,56.5,59.3,233.1,3746.8,413.1,216.6,340,80.2,96,288.5,175.4,128.8,88.3,65.1
10/01/2020,      Employment,7159.1,727.4,168.6,558.9,82,51.7,51.9,213.3,3323,375.2,198.6,304.4,73.9,87.6,262.9,154.7,117.1,81.5,60.3
10/01/2020,      Unemployment,783.5,62,14.1,47.9,7.6,4.8,7.4,19.8,423.9,37.9,18,35.6,6.4,8.4,25.6,20.6,11.7,6.8,4.8
10/01/2020,Unemployment rate,9.9,7.9,7.7,7.9,8.5,8.5,12.5,8.5,11.3,9.2,8.3,10.5,8,8.8,8.9,11.7,9.1,7.7,7.4
10/01/2020,Participation rate,64.9,66,64.3,66.5,62.9,51.2,52.7,68.1,67.9,62.2,58.2,68.7,67.7,69,62.2,57.8,71.5,60.6,61
10/01/2020,Employment rate,58.5,60.8,59.3,61.3,57.5,46.8,46.1,62.4,60.2,56.5,53.4,61.5,62.4,62.9,56.7,50.9,65,56,56.5
11/01/2020,Population,12256.5,1198.2,284.5,913.7,142.7,107.3,112.7,342.4,5526.1,664.5,372.2,495.8,118.5,139.4,464.2,304,180.3,145.6,106.8
11/01/2020,   Labour force,7995.7,787.2,183.6,603.6,89.2,54,60.1,233.5,3772.7,419.3,215.2,339.3,80.2,94.4,287.5,172.9,129.3,88.7,65.6
11/01/2020,      Employment,7242.5,731.8,170.5,561.3,83,52.2,53.6,214.2,3377.5,387.3,198.8,308.9,74.4,87.4,263.3,154.2,115.7,81.8,60.7
11/01/2020,      Unemployment,753.1,55.4,13.1,42.3,6.2,1.8,6.5,19.2,395.2,32,16.5,30.5,5.7,7,24.3,18.7,13.6,6.9,4.8
11/01/2020,Unemployment rate,9.4,7,7.1,7,7,3.3,10.8,8.2,10.5,7.6,7.7,9,7.1,7.4,8.5,10.8,10.5,7.8,7.3
11/01/2020,Participation rate,65.2,65.7,64.5,66.1,62.5,50.3,53.3,68.2,68.3,63.1,57.8,68.4,67.7,67.7,61.9,56.9,71.7,60.9,61.4
11/01/2020,Employment rate,59.1,61.1,59.9,61.4,58.2,48.6,47.6,62.6,61.1,58.3,53.4,62.3,62.8,62.7,56.7,50.7,64.2,56.2,56.8
12/01/2020,Population,12266.1,1199.6,284.7,914.9,142.9,102.9,112.8,342.7,5531.5,664.8,372.4,496.4,118.6,139.5,464.7,304.2,180.4,145.6,106.7
12/01/2020,   Labour force,8023.4,791.7,184.2,607.5,89.3,55.3,62.4,232.4,3770.1,428.3,216.4,342.5,79.4,92.7,290.7,169.1,128.5,88.5,65.7
12/01/2020,      Employment,7258.1,737.6,171.8,565.9,84,54,55.3,213.6,3370,396.2,195,312.5,74,86.5,266,149.7,113.6,81.4,60.7
12/01/2020,      Unemployment,765.4,54.1,12.4,41.6,5.3,1.3,7.1,18.8,400.1,32.2,21.4,30,5.4,6.3,24.7,19.4,14.9,7,5
12/01/2020,Unemployment rate,9.5,6.8,6.7,6.8,5.9,2.4,11.4,8.1,10.6,7.5,9.9,8.8,6.8,6.8,8.5,11.5,11.6,7.9,7.6
12/01/2020,Participation rate,65.4,66,64.7,66.4,62.5,53.7,55.3,67.8,68.2,64.4,58.1,69,66.9,66.5,62.6,55.6,71.2,60.8,61.6
12/01/2020,Employment rate,59.2,61.5,60.3,61.9,58.8,52.5,49,62.3,60.9,59.6,52.4,63,62.4,62,57.2,49.2,63,55.9,56.9
01/01/2021,Population,12274,1201,285,916.1,143,98.5,112.8,343,5536.1,665,372.4,496.9,118.6,139.6,465.1,304.4,180.5,145.6,106.7
01/01/2021,   Labour force,7986.3,797.8,184.1,613.7,89.5,56.6,63.9,228.5,3740.1,430.4,211.3,343,78.8,92,293.3,167.8,127.2,87.5,65.5
01/01/2021,      Employment,7204.5,744.3,170.9,573.4,83.5,54.4,56.9,207.7,3319,399.8,185.1,313.4,73,85.5,267.9,150.8,110.1,80.6,60
01/01/2021,      Unemployment,781.7,53.5,13.2,40.3,6,2.3,6.9,20.9,421.2,30.6,26.2,29.7,5.8,6.6,25.5,17.1,17.1,6.9,5.5
01/01/2021,Unemployment rate,9.8,6.7,7.2,6.6,6.7,4.1,10.8,9.1,11.3,7.1,12.4,8.7,7.4,7.2,8.7,10.2,13.4,7.9,8.4
01/01/2021,Participation rate,65.1,66.4,64.6,67,62.6,57.5,56.6,66.6,67.6,64.7,56.7,69,66.4,65.9,63.1,55.1,70.5,60.1,61.4
01/01/2021,Employment rate,58.7,62,60,62.6,58.4,55.2,50.4,60.6,60,60.1,49.7,63.1,61.6,61.2,57.6,49.5,61,55.4,56.2
02/01/2021,Population,12282.5,1202.6,285.2,917.4,143.2,95.5,112.9,343.3,5540.8,665.2,372.5,497.4,118.7,139.8,465.5,304.5,180.6,145.5,106.6
02/01/2021,   Labour force,7973.1,807.6,184.8,622.8,90.1,59.3,66.9,226,3711.7,435.7,209.2,341.6,79.8,93.9,294.2,169.9,125.6,87.7,64.8
02/01/2021,      Employment,7182.2,755.2,171.2,583.9,83.4,54.4,58.7,205.9,3279.6,400.9,181.8,314.7,73.2,86.3,271.6,151.6,109.4,80.1,59.1
02/01/2021,      Unemployment,790.9,52.4,13.5,38.9,6.7,4.9,8.2,20.1,432.1,34.8,27.4,26.9,6.7,7.6,22.6,18.2,16.2,7.6,5.7
02/01/2021,Unemployment rate,9.9,6.5,7.3,6.2,7.4,8.3,12.3,8.9,11.6,8,13.1,7.9,8.4,8.1,7.7,10.7,12.9,8.7,8.8
02/01/2021,Participation rate,64.9,67.2,64.8,67.9,62.9,62.1,59.3,65.8,67,65.5,56.2,68.7,67.2,67.2,63.2,55.8,69.5,60.3,60.8
02/01/2021,Employment rate,58.5,62.8,60,63.6,58.2,57,52,60,59.2,60.3,48.8,63.3,61.7,61.7,58.3,49.8,60.6,55.1,55.4
03/01/2021,Population,12291.7,1204.3,285.5,918.8,143.5,94.4,112.9,343.7,5545.8,665.4,372.6,497.9,118.8,139.9,466,304.6,180.7,145.5,106.6
03/01/2021,   Labour force,7950.2,813,185.5,627.5,90.5,57.8,68.5,224.1,3680.2,438.8,212.9,340.1,81.7,97.4,296.3,177.7,126.7,88,65
03/01/2021,      Employment,7223,762.3,172.6,589.7,83.6,51.2,61.6,204.8,3283.8,406.1,186.2,316.7,75.2,89.3,273.8,159.5,111.9,80.5,59.3
03/01/2021,      Unemployment,727.2,50.7,13,37.7,6.9,6.6,6.9,19.3,396.4,32.7,26.7,23.4,6.5,8,22.5,18.3,14.9,7.4,5.7
03/01/2021,Unemployment rate,9.1,6.2,7,6,7.6,11.4,10.1,8.6,10.8,7.5,12.5,6.9,8,8.2,7.6,10.3,11.8,8.4,8.8
03/01/2021,Participation rate,64.7,67.5,65,68.3,63.1,61.2,60.7,65.2,66.4,65.9,57.1,68.3,68.8,69.6,63.6,58.3,70.1,60.5,61
03/01/2021,Employment rate,58.8,63.3,60.5,64.2,58.3,54.2,54.6,59.6,59.2,61,50,63.6,63.3,63.8,58.8,52.4,61.9,55.3,55.6
04/01/2021,Population,12301.9,1206,285.7,920.3,143.7,94.7,113,344.1,5551.1,665.7,372.7,498.5,118.8,140.1,466.5,304.8,180.9,145.5,106.6
04/01/2021,   Labour force,7975.4,819.1,186.2,632.9,90,56.6,69.5,223,3663.2,447.7,219,342,82.2,99.3,302.5,182.9,124.2,89,65.1
04/01/2021,      Employment,7274,767.9,174.1,593.8,83.3,49.2,64,205.8,3296.9,411.8,192.3,320.7,76.2,91.2,277.5,162.3,113.1,81,59.8
04/01/2021,      Unemployment,701.4,51.2,12.1,39.1,6.8,7.4,5.5,17.2,366.3,36,26.7,21.4,6,8.1,25,20.5,11.2,7.9,5.3
04/01/2021,Unemployment rate,8.8,6.3,6.5,6.2,7.6,13.1,7.9,7.7,10,8,12.2,6.3,7.3,8.2,8.3,11.2,9,8.9,8.1
04/01/2021,Participation rate,64.8,67.9,65.2,68.8,62.6,59.8,61.5,64.8,66,67.3,58.8,68.6,69.2,70.9,64.8,60,68.7,61.2,61.1
04/01/2021,Employment rate,59.1,63.7,60.9,64.5,58,52,56.6,59.8,59.4,61.9,51.6,64.3,64.1,65.1,59.5,53.2,62.5,55.7,56.1
05/01/2021,Population,12310.2,1207.5,285.9,921.6,143.9,92.9,113,344.4,5555.3,666,372.8,498.9,118.9,140.2,466.9,304.9,181,145.5,106.5
05/01/2021,   Labour force,7962.9,827.2,185.2,642,88.2,53.6,71.1,222,3654.4,445.3,220.3,344.9,81.4,100.1,309.3,183.4,124.3,89.3,65.3
05/01/2021,      Employment,7269.7,769.6,174.1,595.5,81,47.6,66.5,203.6,3292.5,410,194.5,322.1,76.1,92.3,278.7,162.9,114.1,81.9,60.3
05/01/2021,      Unemployment,693.2,57.7,11.1,46.5,7.2,6,4.6,18.4,361.9,35.3,25.8,22.8,5.3,7.8,30.7,20.6,10.2,7.3,5
05/01/2021,Unemployment rate,8.7,7,6,7.2,8.2,11.2,6.5,8.3,9.9,7.9,11.7,6.6,6.5,7.8,9.9,11.2,8.2,8.2,7.7
05/01/2021,Participation rate,64.7,68.5,64.8,69.7,61.3,57.7,62.9,64.5,65.8,66.9,59.1,69.1,68.5,71.4,66.2,60.2,68.7,61.4,61.3
05/01/2021,Employment rate,59.1,63.7,60.9,64.6,56.3,51.2,58.8,59.1,59.3,61.6,52.2,64.6,64,65.8,59.7,53.4,63,56.3,56.6
06/01/2021,Population,12317.5,1209,286.1,922.9,144.1,88.9,113.1,344.8,5559.1,666.2,372.8,499.3,119,140.3,467.2,305,181.2,145.5,106.5
06/01/2021,   Labour force,7970.8,836.6,186,650.6,86.5,48.8,70.6,222.5,3672.7,441.5,218.5,345.1,80,99.3,311.3,184.7,124.5,88.7,64.9
06/01/2021,      Employment,7250.5,774.2,174.8,599.4,79.2,43.8,65.7,203.5,3297.2,406.6,190.8,322.5,74.5,90.9,279.2,163.8,113.6,81.6,60.6
06/01/2021,      Unemployment,720.2,62.4,11.2,51.1,7.3,5,4.9,19,375.6,34.9,27.7,22.6,5.5,8.4,32.1,20.9,10.9,7,4.3
06/01/2021,Unemployment rate,9,7.5,6,7.9,8.4,10.2,6.9,8.5,10.2,7.9,12.7,6.5,6.9,8.5,10.3,11.3,8.8,7.9,6.6
06/01/2021,Participation rate,64.7,69.2,65,70.5,60,54.9,62.4,64.5,66.1,66.3,58.6,69.1,67.2,70.8,66.6,60.6,68.7,61,60.9
06/01/2021,Employment rate,58.9,64,61.1,64.9,55,49.3,58.1,59,59.3,61,51.2,64.6,62.6,64.8,59.8,53.7,62.7,56.1,56.9
07/01/2021,Population,12326.7,1210.6,286.3,924.2,144.4,89.1,113.1,345.2,5563.6,666.5,372.9,499.8,119,140.5,467.7,305.1,181.3,145.4,106.4
07/01/2021,   Labour force,8004,839.3,187.2,652.1,86.3,50.2,70.2,223.9,3708.2,437.8,218.7,343.5,79.6,100.4,309.1,184.2,126.8,88.5,64.9
07/01/2021,      Employment,7313.3,780,177.4,602.6,79,45.4,65.2,205.2,3338.2,406.6,194.1,321.3,74.4,92.5,279.7,164.8,116.8,80.9,60.9
07/01/2021,      Unemployment,690.7,59.3,9.8,49.5,7.3,4.8,5,18.7,370,31.2,24.6,22.2,5.2,7.9,29.4,19.5,9.9,7.6,4
07/01/2021,Unemployment rate,8.6,7.1,5.2,7.6,8.5,9.6,7.1,8.4,10,7.1,11.2,6.5,6.5,7.9,9.5,10.6,7.8,8.6,6.2
07/01/2021,Participation rate,64.9,69.3,65.4,70.6,59.8,56.3,62.1,64.9,66.7,65.7,58.6,68.7,66.9,71.5,66.1,60.4,69.9,60.9,61
07/01/2021,Employment rate,59.3,64.4,62,65.2,54.7,51,57.6,59.4,60,61,52.1,64.3,62.5,65.8,59.8,54,64.4,55.6,57.2
08/01/2021,Population,12339.2,1212.5,286.6,925.9,144.7,92.9,113.2,345.7,5569.7,666.9,373.1,500.4,119.2,140.7,468.3,305.3,181.5,145.5,106.4
08/01/2021,   Labour force,8055.5,829.3,189,640.3,87.1,51.8,67.7,226.8,3762.1,441.3,224.4,343.4,78.9,100.8,308,186.4,125.8,88.8,65.5
08/01/2021,      Employment,7398.8,776.8,180,596.9,80.5,47.9,63.5,208.2,3412.4,411.1,200.4,321.6,74.1,93.6,282.2,167.7,116.2,81.2,61.5
08/01/2021,      Unemployment,656.8,52.5,9.1,43.4,6.6,3.9,4.1,18.6,349.7,30.2,24,21.8,4.8,7.2,25.8,18.6,9.7,7.7,4
08/01/2021,Unemployment rate,8.2,6.3,4.8,6.8,7.6,7.5,6.1,8.2,9.3,6.8,10.7,6.3,6.1,7.1,8.4,10,7.7,8.7,6.1
08/01/2021,Participation rate,65.3,68.4,65.9,69.2,60.2,55.8,59.8,65.6,67.5,66.2,60.1,68.6,66.2,71.6,65.8,61.1,69.3,61,61.6
08/01/2021,Employment rate,60,64.1,62.8,64.5,55.6,51.6,56.1,60.2,61.3,61.6,53.7,64.3,62.2,66.5,60.3,54.9,64,55.8,57.8
09/01/2021,Population,12353.7,1214.6,287,927.6,144.9,97.1,113.3,346.2,5576.7,667.5,373.4,501.1,119.3,140.9,468.9,305.6,181.7,145.5,106.4
09/01/2021,   Labour force,8103.3,814.5,188.2,626.4,87.5,55.4,67.8,230.1,3806.7,444.5,227.9,344.2,78.2,100.8,306.3,185,126.3,89.7,66.1
09/01/2021,      Employment,7473.3,769.1,180.5,588.7,80.8,51.1,63.8,212.6,3471.8,416.3,208.9,322.5,73.4,94.6,282.6,165.8,118.2,82.5,61.7
09/01/2021,      Unemployment,630.1,45.4,7.7,37.7,6.7,4.3,4,17.5,334.9,28.2,19,21.7,4.8,6.1,23.7,19.2,8.1,7.2,4.5
09/01/2021,Unemployment rate,7.8,5.6,4.1,6,7.7,7.8,5.9,7.6,8.8,6.3,8.3,6.3,6.1,6.1,7.7,10.4,6.4,8,6.8
09/01/2021,Participation rate,65.6,67.1,65.6,67.5,60.4,57.1,59.8,66.5,68.3,66.6,61,68.7,65.5,71.5,65.3,60.5,69.5,61.6,62.1
09/01/2021,Employment rate,60.5,63.3,62.9,63.5,55.8,52.6,56.3,61.4,62.3,62.4,55.9,64.4,61.5,67.1,60.3,54.3,65.1,56.7,58
10/01/2021,Population,12368.8,1216.7,287.3,929.4,145.2,95.4,113.4,346.8,5584,668.1,373.7,501.8,119.4,141.1,469.6,305.9,181.9,145.6,106.5
10/01/2021,   Labour force,8125.1,805.2,186.8,618.4,87.3,52.3,68.6,234,3835.7,443.2,228.9,347.7,78.5,100.5,307.2,186.9,126,89.5,66.6
10/01/2021,      Employment,7523,764.3,180.2,584.1,81.3,48.8,64.2,216.8,3520.1,415.6,211.2,326.6,73.3,95,285,169.4,118.6,83.7,61.9
10/01/2021,      Unemployment,602,40.8,6.6,34.2,6,3.5,4.4,17.1,315.5,27.6,17.7,21.1,5.2,5.5,22.2,17.6,7.4,5.8,4.7
10/01/2021,Unemployment rate,7.4,5.1,3.5,5.5,6.9,6.7,6.4,7.3,8.2,6.2,7.7,6.1,6.6,5.5,7.2,9.4,5.9,6.5,7.1
10/01/2021,Participation rate,65.7,66.2,65,66.5,60.1,54.8,60.5,67.5,68.7,66.3,61.3,69.3,65.7,71.2,65.4,61.1,69.3,61.5,62.5
10/01/2021,Employment rate,60.8,62.8,62.7,62.8,56,51.2,56.6,62.5,63,62.2,56.5,65.1,61.4,67.3,60.7,55.4,65.2,57.5,58.1
11/01/2021,Population,12383.6,1218.8,287.6,931.1,145.5,96.7,113.6,347.3,5591.1,668.8,373.9,502.5,119.6,141.4,470.2,306.1,182.1,145.7,106.5
11/01/2021,   Labour force,8154.5,798.4,186.5,611.9,87.2,52.7,70.1,236.8,3852.6,440,227.6,350.6,78.8,100.9,308.5,193.2,126.6,89.6,67.3
11/01/2021,      Employment,7584.2,764.3,179.9,584.4,81.7,49,64.6,222.7,3556.5,414.5,209.2,331.3,73,95.8,288.2,176.5,120.6,84.4,62.6
11/01/2021,      Unemployment,570.3,34.2,6.6,27.6,5.5,3.7,5.5,14.1,296.1,25.5,18.4,19.3,5.9,5.1,20.3,16.7,6,5.2,4.7
11/01/2021,Unemployment rate,7,4.3,3.5,4.5,6.3,7,7.8,6,7.7,5.8,8.1,5.5,7.5,5.1,6.6,8.6,4.7,5.8,7
11/01/2021,Participation rate,65.8,65.5,64.8,65.7,59.9,54.5,61.7,68.2,68.9,65.8,60.9,69.8,65.9,71.4,65.6,63.1,69.5,61.5,63.2
11/01/2021,Employment rate,61.2,62.7,62.6,62.8,56.2,50.7,56.9,64.1,63.6,62,56,65.9,61,67.8,61.3,57.7,66.2,57.9,58.8
12/01/2021,Population,12401,1221,287.9,933.1,145.8,99.3,113.7,347.9,5599.6,669.5,374.3,503.3,119.7,141.6,471,306.5,182.4,145.7,106.5
12/01/2021,   Labour force,8172,798.4,187.1,611.3,87.2,56.6,68.9,239.2,3866.4,439.1,225.3,351,78.7,102.1,311.1,198.3,124.3,89.2,67.5
12/01/2021,      Employment,7632.7,765.2,179.8,585.4,81.9,54,63.4,224.1,3583.1,414.4,207.1,332,73.3,97.4,292.9,183.6,117.5,84.5,62.8
12/01/2021,      Unemployment,539.3,33.2,7.3,25.9,5.4,2.6,5.5,15.2,283.3,24.7,18.3,18.9,5.4,4.7,18.2,14.7,6.8,4.7,4.7
12/01/2021,Unemployment rate,6.6,4.2,3.9,4.2,6.2,4.6,8,6.4,7.3,5.6,8.1,5.4,6.9,4.6,5.9,7.4,5.5,5.3,7
12/01/2021,Participation rate,65.9,65.4,65,65.5,59.8,57,60.6,68.8,69,65.6,60.2,69.7,65.7,72.1,66.1,64.7,68.1,61.2,63.4
12/01/2021,Employment rate,61.5,62.7,62.5,62.7,56.2,54.4,55.8,64.4,64,61.9,55.3,66,61.2,68.8,62.2,59.9,64.4,58,59
01/01/2022,Population,12418.4,1223.3,288.2,935.1,146.1,101.7,113.8,348.5,5608.4,670.2,374.6,504.2,119.9,141.8,471.8,306.9,182.7,145.8,106.6
01/01/2022,   Labour force,8175.5,802.1,188.9,613.2,87.2,57.9,66.7,238.5,3866.2,440.1,227.4,350.5,78.5,103.2,312.9,201.4,122.4,90.4,67.9
01/01/2022,      Employment,7620,766.1,180.1,586,81.9,56,61.8,222.6,3564,416.5,208.9,331.4,73.8,98.2,294.8,184.2,114.4,85.7,63.3
01/01/2022,      Unemployment,555.6,36.1,8.9,27.2,5.2,1.9,4.9,15.9,302.2,23.5,18.5,19.1,4.7,5.1,18.1,17.2,8,4.7,4.6
01/01/2022,Unemployment rate,6.8,4.5,4.7,4.4,6,3.3,7.3,6.7,7.8,5.3,8.1,5.4,6,4.9,5.8,8.5,6.5,5.2,6.8
01/01/2022,Participation rate,65.8,65.6,65.5,65.6,59.7,56.9,58.6,68.4,68.9,65.7,60.7,69.5,65.5,72.8,66.3,65.6,67,62,63.7
01/01/2022,Employment rate,61.4,62.6,62.5,62.7,56.1,55.1,54.3,63.9,63.5,62.1,55.8,65.7,61.6,69.3,62.5,60,62.6,58.8,59.4
02/01/2022,Population,12437,1225.7,288.5,937.2,146.5,99.3,114,349.1,5618,670.9,375,505.2,120,142.1,472.6,307.2,182.9,145.9,106.6
02/01/2022,   Labour force,8179.5,811.5,191.2,620.3,87.8,57.6,67.7,237.9,3856.6,439.3,232.4,348.3,78.7,103.2,312,198.8,122.9,89.9,68
02/01/2022,      Employment,7649,773.5,182.8,590.8,82.3,56.2,63.8,222.5,3562.2,415.3,216.6,330,74.6,98.3,295.2,181.8,113.7,85.9,64
02/01/2022,      Unemployment,530.5,38,8.4,29.6,5.5,1.5,3.9,15.4,294.4,24.1,15.8,18.3,4.1,4.9,16.8,17,9.2,4,4
02/01/2022,Unemployment rate,6.5,4.7,4.4,4.8,6.3,2.6,5.8,6.5,7.6,5.5,6.8,5.3,5.2,4.7,5.4,8.6,7.5,4.4,5.9
02/01/2022,Participation rate,65.8,66.2,66.3,66.2,59.9,58,59.4,68.1,68.6,65.5,62,68.9,65.6,72.6,66,64.7,67.2,61.6,63.8
02/01/2022,Employment rate,61.5,63.1,63.4,63,56.2,56.6,56,63.7,63.4,61.9,57.8,65.3,62.2,69.2,62.5,59.2,62.2,58.9,60
03/01/2022,Population,12453.4,1227.9,288.7,939.2,146.8,93.4,114.1,349.6,5626.7,671.4,375.3,506,120.1,142.3,473.4,307.6,183.1,145.9,106.6
03/01/2022,   Labour force,8171.7,820.1,193.9,626.2,89,55.1,68,236.6,3834.4,437.8,237.6,348.4,79,103.6,312.6,195,125.1,90.3,68.1
03/01/2022,      Employment,7670,783.2,186.5,596.7,83.3,53.9,65.1,223.1,3554.5,412.4,222.2,329.5,74.9,98,297.2,178.4,115.7,86.3,64.5
03/01/2022,      Unemployment,501.8,36.9,7.4,29.5,5.7,1.2,2.9,13.5,279.8,25.4,15.4,18.9,4.1,5.7,15.4,16.6,9.3,4,3.6
03/01/2022,Unemployment rate,6.1,4.5,3.8,4.7,6.4,2.2,4.3,5.7,7.3,5.8,6.5,5.4,5.2,5.5,4.9,8.5,7.4,4.4,5.3
03/01/2022,Participation rate,65.6,66.8,67.2,66.7,60.6,59,59.6,67.7,68.1,65.2,63.3,68.9,65.8,72.8,66,63.4,68.3,61.9,63.9
03/01/2022,Employment rate,61.6,63.8,64.6,63.5,56.7,57.7,57.1,63.8,63.2,61.4,59.2,65.1,62.4,68.9,62.8,58,63.2,59.2,60.5
04/01/2022,Population,12468.7,1230.1,289,941,147.2,90.4,114.2,350.1,5634.6,671.9,375.6,506.8,120.3,142.5,474,307.9,183.4,146,106.6
04/01/2022,   Labour force,8198.2,831,197,634,90.5,55.3,70.5,238.5,3829.6,438.4,242.2,346.9,78.8,102.7,313.3,190.2,129,89.7,67.2
04/01/2022,      Employment,7750.7,797.2,191.6,605.6,84.8,54.5,67.8,227,3584.9,413.9,229.3,328.8,74.8,97.3,298.6,177.4,119.8,86.2,64.2
04/01/2022,      Unemployment,447.5,33.8,5.4,28.4,5.6,0.9,2.7,11.5,244.7,24.5,13,18.2,4.1,5.4,14.7,12.8,9.2,3.5,3
04/01/2022,Unemployment rate,5.5,4.1,2.7,4.5,6.2,1.6,3.8,4.8,6.4,5.6,5.4,5.2,5.2,5.3,4.7,6.7,7.1,3.9,4.5
04/01/2022,Participation rate,65.8,67.6,68.2,67.4,61.5,61.2,61.7,68.1,68,65.2,64.5,68.4,65.5,72.1,66.1,61.8,70.3,61.4,63
04/01/2022,Employment rate,62.2,64.8,66.3,64.4,57.6,60.3,59.4,64.8,63.6,61.6,61,64.9,62.2,68.3,63,57.6,65.3,59,60.2
05/01/2022,Population,12482.3,1232.1,289.3,942.8,147.5,92.4,114.3,350.5,5641.9,672.3,375.8,507.6,120.4,142.7,474.7,308.1,183.5,146,106.6
05/01/2022,   Labour force,8207.5,838.2,198.2,640,91.5,58.7,71.2,239.7,3820.6,440.5,241.8,349.4,79.1,103.2,314.7,188.9,131.3,89.6,66.5
05/01/2022,      Employment,7765,804.6,192.4,612.2,85.8,57.9,67.1,228.2,3583.5,417.3,229.3,330.1,75.4,97.8,298.5,176.2,123,85.6,63.5
05/01/2022,      Unemployment,442.4,33.6,5.8,27.8,5.7,0.7,4.1,11.5,237.1,23.2,12.5,19.2,3.7,5.5,16.3,12.7,8.3,4,3
05/01/2022,Unemployment rate,5.4,4,2.9,4.3,6.2,1.2,5.8,4.8,6.2,5.3,5.2,5.5,4.7,5.3,5.2,6.7,6.3,4.5,4.5
05/01/2022,Participation rate,65.8,68,68.5,67.9,62,63.5,62.3,68.4,67.7,65.5,64.3,68.8,65.7,72.3,66.3,61.3,71.6,61.4,62.4
05/01/2022,Employment rate,62.2,65.3,66.5,64.9,58.2,62.7,58.7,65.1,63.5,62.1,61,65,62.6,68.5,62.9,57.2,67,58.6,59.6
06/01/2022,Population,12495.4,1234.1,289.7,944.4,147.8,96.1,114.4,350.9,5648.9,672.7,376,508.3,120.5,142.8,475.3,308.4,183.7,146,106.6
06/01/2022,   Labour force,8198.7,834.9,198,636.9,92.6,60.8,72.3,240.8,3819.2,441.8,240.4,351.8,79.7,101.5,313.4,186.9,130.9,89.8,65.1
06/01/2022,      Employment,7761.1,802.4,191.5,610.9,87.5,59.7,67.7,228.9,3587.6,420.7,229.2,332,76.4,97.6,294.5,175.1,124.1,86.1,62.3
06/01/2022,      Unemployment,437.6,32.5,6.4,26,5.1,1.1,4.6,11.9,231.6,21,11.2,19.8,3.3,3.9,19,11.8,6.8,3.7,2.8
06/01/2022,Unemployment rate,5.3,3.9,3.2,4.1,5.5,1.8,6.4,4.9,6.1,4.8,4.7,5.6,4.1,3.8,6.1,6.3,5.2,4.1,4.3
06/01/2022,Participation rate,65.6,67.7,68.3,67.4,62.7,63.3,63.2,68.6,67.6,65.7,63.9,69.2,66.1,71.1,65.9,60.6,71.3,61.5,61.1
06/01/2022,Employment rate,62.1,65,66.1,64.7,59.2,62.1,59.2,65.2,63.5,62.5,61,65.3,63.4,68.3,62,56.8,67.6,59,58.4
07/01/2022,Population,12507.8,1236,290.1,946,148.1,99,114.5,351.3,5655.8,673.1,376.2,509,120.6,143,475.9,308.6,183.9,146,106.6
07/01/2022,   Labour force,8184.7,830.1,196.3,633.8,94.1,63.6,73.1,239.7,3813.8,440.9,235.5,355.6,80.5,100,313.2,183.2,132.3,89.1,65.3
07/01/2022,      Employment,7756.4,797.9,189,608.9,89.3,61.5,68.3,227.8,3590.8,421.8,224.3,335.3,77.2,97.4,293.2,170.6,126.1,85.3,62.1
07/01/2022,      Unemployment,428.3,32.2,7.3,24.9,4.8,2.2,4.8,11.9,223,19.1,11.2,20.2,3.2,2.6,19.9,12.6,6.2,3.7,3.2
07/01/2022,Unemployment rate,5.2,3.9,3.7,3.9,5.1,3.5,6.6,5,5.8,4.3,4.8,5.7,4,2.6,6.4,6.9,4.7,4.2,4.9
07/01/2022,Participation rate,65.4,67.2,67.7,67,63.5,64.2,63.8,68.2,67.4,65.5,62.6,69.9,66.7,69.9,65.8,59.4,71.9,61,61.3
07/01/2022,Employment rate,62,64.6,65.1,64.4,60.3,62.1,59.7,64.8,63.5,62.7,59.6,65.9,64,68.1,61.6,55.3,68.6,58.4,58.3
08/01/2022,Population,12521,1237.9,290.4,947.5,148.5,101,114.6,351.6,5663.1,673.5,376.4,509.7,120.7,143.2,476.5,308.9,184.1,146,106.6
08/01/2022,   Labour force,8179.4,828.3,196.2,632.2,94.7,63.8,71,240.1,3811.5,440.6,231.7,358.2,81.9,98.8,312.8,178.5,133.1,88.7,64.5
08/01/2022,      Employment,7746.5,796.9,188.9,607.9,90.3,61,67.3,226.7,3590.7,422.6,220.2,337.5,78.4,96.2,291.3,165.3,126.8,85.2,61.2
08/01/2022,      Unemployment,432.9,31.5,7.2,24.2,4.4,2.8,3.7,13.3,220.8,18,11.6,20.7,3.5,2.6,21.6,13.2,6.3,3.5,3.3
08/01/2022,Unemployment rate,5.3,3.8,3.7,3.8,4.6,4.4,5.2,5.5,5.8,4.1,5,5.8,4.3,2.6,6.9,7.4,4.7,3.9,5.1
08/01/2022,Participation rate,65.3,66.9,67.6,66.7,63.8,63.2,62,68.3,67.3,65.4,61.6,70.3,67.9,69,65.6,57.8,72.3,60.8,60.5
08/01/2022,Employment rate,61.9,64.4,65,64.2,60.8,60.4,58.7,64.5,63.4,62.7,58.5,66.2,65,67.2,61.1,53.5,68.9,58.4,57.4
09/01/2022,Population,12534.7,1239.9,290.8,949.1,148.7,102.4,114.7,352,5670.8,673.9,376.6,510.5,120.7,143.3,477.2,309.2,184.2,146.1,106.6
09/01/2022,   Labour force,8183.2,838,196.4,641.6,94.9,64.2,71.5,239.3,3798.6,441.4,227.6,357.4,83,99.4,315.2,177.5,133.7,87.8,64.4
09/01/2022,      Employment,7738.7,804.2,188.6,615.6,90.4,61,67.9,225.6,3574.5,423,215.8,337.2,79.3,96,294.3,162.3,126.9,84.1,60.7
09/01/2022,      Unemployment,444.5,33.8,7.8,26.1,4.4,3.3,3.6,13.7,224.1,18.5,11.7,20.2,3.7,3.4,20.9,15.2,6.8,3.6,3.6
09/01/2022,Unemployment rate,5.4,4,4,4.1,4.6,5.1,5,5.7,5.9,4.2,5.1,5.7,4.5,3.4,6.6,8.6,5.1,4.1,5.6
09/01/2022,Participation rate,65.3,67.6,67.5,67.6,63.8,62.7,62.3,68,67,65.5,60.4,70,68.8,69.4,66.1,57.4,72.6,60.1,60.4
09/01/2022,Employment rate,61.7,64.9,64.9,64.9,60.8,59.6,59.2,64.1,63,62.8,57.3,66.1,65.7,67,61.7,52.5,68.9,57.6,56.9
10/01/2022,Population,12551.5,1242.1,291.2,950.9,149,102.3,114.8,352.5,5680,674.4,377,511.4,120.9,143.6,478,309.5,184.4,146.1,106.6
10/01/2022,   Labour force,8192.7,840.3,196.8,643.5,96.1,63.5,70.2,239.2,3798.1,442.7,226.6,357.5,84.6,100.6,314.9,184.6,130.8,88,63.6
10/01/2022,      Employment,7731.5,806.6,188.9,617.7,91.3,60.8,67.2,225.5,3564,423.2,213.9,336.4,80.7,96,294.2,168.4,124.3,84.3,60.2
10/01/2022,      Unemployment,461.2,33.8,7.9,25.9,4.8,2.7,3,13.6,234.1,19.5,12.7,21,4,4.6,20.7,16.2,6.5,3.8,3.4
10/01/2022,Unemployment rate,5.6,4,4,4,5,4.3,4.3,5.7,6.2,4.4,5.6,5.9,4.7,4.6,6.6,8.8,5,4.3,5.3
10/01/2022,Participation rate,65.3,67.7,67.6,67.7,64.5,62.1,61.1,67.9,66.9,65.6,60.1,69.9,70,70.1,65.9,59.6,70.9,60.2,59.7
10/01/2022,Employment rate,61.6,64.9,64.9,65,61.3,59.4,58.5,64,62.7,62.8,56.7,65.8,66.7,66.9,61.5,54.4,67.4,57.7,56.5
11/01/2022,Population,12568.2,1244.3,291.5,952.7,149.2,96.3,114.9,353,5689.3,675,377.3,512.3,121,143.8,478.7,309.9,184.7,146.2,106.6
11/01/2022,   Labour force,8200.5,846,199.5,646.5,96,57.8,69.7,238.1,3796.4,445.6,226,357.1,85.2,100.8,313,192.8,131.7,88.2,63.1
11/01/2022,      Employment,7736.9,811.4,191.4,619.9,90.8,55.4,67.6,226,3556.8,425.1,214.7,335.1,80.3,96.1,295.5,176.3,125.5,84.6,60
11/01/2022,      Unemployment,463.6,34.7,8.1,26.6,5.1,2.4,2.1,12.1,239.6,20.5,11.3,22,5,4.7,17.5,16.5,6.2,3.6,3.1
11/01/2022,Unemployment rate,5.7,4.1,4.1,4.1,5.3,4.2,3,5.1,6.3,4.6,5,6.2,5.9,4.7,5.6,8.6,4.7,4.1,4.9
11/01/2022,Participation rate,65.2,68,68.4,67.9,64.3,60,60.7,67.5,66.7,66,59.9,69.7,70.4,70.1,65.4,62.2,71.3,60.3,59.2
11/01/2022,Employment rate,61.6,65.2,65.7,65.1,60.9,57.5,58.8,64,62.5,63,56.9,65.4,66.4,66.8,61.7,56.9,67.9,57.9,56.3
12/01/2022,Population,12585.5,1246.4,291.9,954.6,149.6,95.5,115.1,353.4,5699.1,675.5,377.6,513.3,121.1,144,479.5,310.3,184.9,146.2,106.6
12/01/2022,   Labour force,8218.7,845.7,200.1,645.7,96.1,58.1,66.8,239.6,3797.9,442.9,227.7,358.9,85.5,100.7,312,198.7,134.9,89.2,63.2
12/01/2022,      Employment,7760.9,812.1,192.4,619.7,90.7,55,65.2,228.4,3562.5,421.9,216.9,336.3,80,96.3,295.5,183.1,129,85.6,60.4
12/01/2022,      Unemployment,457.8,33.6,7.7,25.9,5.4,3.1,1.6,11.3,235.3,21,10.9,22.5,5.5,4.3,16.5,15.7,5.9,3.6,2.8
12/01/2022,Unemployment rate,5.6,4,3.8,4,5.6,5.3,2.4,4.7,6.2,4.7,4.8,6.3,6.4,4.3,5.3,7.9,4.4,4,4.4
12/01/2022,Participation rate,65.3,67.9,68.6,67.6,64.2,60.8,58,67.8,66.6,65.6,60.3,69.9,70.6,69.9,65.1,64,73,61,59.3
12/01/2022,Employment rate,61.7,65.2,65.9,64.9,60.6,57.6,56.6,64.6,62.5,62.5,57.4,65.5,66.1,66.9,61.6,59,69.8,58.5,56.7
01/01/2023,Population,12605,1248.9,292.2,956.7,150,97.6,115.2,353.9,5710.5,676.1,378,514.4,121.2,144.2,480.4,310.8,185.1,146.3,106.7
01/01/2023,   Labour force,8240.1,849,198.7,650.3,94.5,60.9,64.7,241.4,3801.7,441.7,231,358.6,85.3,100.6,312.9,201.8,140.3,90.3,63.9
01/01/2023,      Employment,7795.7,816.4,190.6,625.8,88.9,57.2,62.5,230.8,3572.6,418.8,221,337,79.6,96.6,297.2,189.2,134.3,87,61.3
01/01/2023,      Unemployment,444.4,32.6,8,24.6,5.5,3.7,2.2,10.5,229.1,22.9,9.9,21.5,5.8,4,15.7,12.5,6.1,3.3,2.6
01/01/2023,Unemployment rate,5.4,3.8,4,3.8,5.8,6.1,3.4,4.3,6,5.2,4.3,6,6.8,4,5,6.2,4.3,3.7,4.1
01/01/2023,Participation rate,65.4,68,68,68,63,62.4,56.2,68.2,66.6,65.3,61.1,69.7,70.4,69.8,65.1,64.9,75.8,61.7,59.9
01/01/2023,Employment rate,61.8,65.4,65.2,65.4,59.3,58.6,54.3,65.2,62.6,61.9,58.5,65.5,65.7,67,61.9,60.9,72.6,59.5,57.5
02/01/2023,Population,12627.9,1251.6,292.6,959,150.4,101.9,115.4,354.4,5723.6,676.9,378.5,515.7,121.3,144.4,481.5,311.4,185.4,146.4,106.7
02/01/2023,   Labour force,8263.5,846.1,195.4,650.7,94.6,65.7,65,242.4,3822.6,438.7,231.1,356.9,84.8,101.7,314.1,201.2,141.5,91.8,66.4
02/01/2023,      Employment,7833.9,811.7,186.8,624.9,89.4,62.2,62.3,231.4,3602.4,414.1,221.2,336.5,79.9,97.8,298.1,190,135.9,88.1,63.6
02/01/2023,      Unemployment,429.6,34.4,8.6,25.8,5.2,3.6,2.7,11,220.2,24.6,9.9,20.4,4.9,3.9,15.9,11.2,5.6,3.6,2.7
02/01/2023,Unemployment rate,5.2,4.1,4.4,4,5.5,5.5,4.2,4.5,5.8,5.6,4.3,5.7,5.8,3.8,5.1,5.6,4,3.9,4.1
02/01/2023,Participation rate,65.4,67.6,66.8,67.9,62.9,64.5,56.3,68.4,66.8,64.8,61.1,69.2,69.9,70.4,65.2,64.6,76.3,62.7,62.2
02/01/2023,Employment rate,62,64.9,63.8,65.2,59.4,61,54,65.3,62.9,61.2,58.4,65.3,65.9,67.7,61.9,61,73.3,60.2,59.6
03/01/2023,Population,12656.4,1254.8,293,961.8,151,104.2,115.6,355.1,5739.7,677.9,379.2,517.2,121.4,144.7,482.8,312.1,185.8,146.5,106.8
03/01/2023,   Labour force,8291.9,847.3,194.3,652.9,95.8,67.1,66.4,238.6,3861,437.7,231.2,355.9,84.2,103.3,311.7,203.7,141.8,92.1,68.1
03/01/2023,      Employment,7867.2,812.5,185.6,626.9,90.6,63.7,62.9,227.7,3638.5,412.9,221.8,334.7,79.7,99.4,296.7,192,136.1,88.4,65.3
03/01/2023,      Unemployment,424.7,34.8,8.7,26.1,5.2,3.4,3.5,10.9,222.5,24.8,9.3,21.1,4.5,3.9,15,11.7,5.7,3.7,2.8
03/01/2023,Unemployment rate,5.1,4.1,4.5,4,5.4,5.1,5.3,4.6,5.8,5.7,4,5.9,5.3,3.8,4.8,5.7,4,4,4.1
03/01/2023,Participation rate,65.5,67.5,66.3,67.9,63.4,64.4,57.4,67.2,67.3,64.6,61,68.8,69.4,71.4,64.6,65.3,76.3,62.9,63.8
03/01/2023,Employment rate,62.2,64.8,63.3,65.2,60,61.1,54.4,64.1,63.4,60.9,58.5,64.7,65.7,68.7,61.5,61.5,73.3,60.3,61.1
04/01/2023,Population,12685.9,1257.8,293.3,964.5,151.5,104.9,115.9,355.8,5756.2,679,379.9,518.8,121.6,145,484.1,312.8,186.2,146.7,107
04/01/2023,   Labour force,8309.6,848.2,196.4,651.8,97.3,66,67.8,235.3,3880.9,434.9,230.3,358.6,83.9,105.3,311.5,204.5,140.5,92,69
04/01/2023,      Employment,7890.5,812.1,188,624.2,92.3,63.3,64.2,224.4,3663.4,411.1,220.1,336.6,79.7,101.8,297.7,190.9,134.5,88.3,66.3
04/01/2023,      Unemployment,419.2,36,8.4,27.6,5,2.7,3.6,10.9,217.5,23.7,10.1,22,4.2,3.5,13.8,13.6,6,3.7,2.7
04/01/2023,Unemployment rate,5,4.2,4.3,4.2,5.1,4.1,5.3,4.6,5.6,5.4,4.4,6.1,5,3.3,4.4,6.7,4.3,4,3.9
04/01/2023,Participation rate,65.5,67.4,67,67.6,64.2,62.9,58.5,66.1,67.4,64.1,60.6,69.1,69,72.6,64.3,65.4,75.5,62.7,64.5
04/01/2023,Employment rate,62.2,64.6,64.1,64.7,60.9,60.3,55.4,63.1,63.6,60.5,57.9,64.9,65.5,70.2,61.5,61,72.2,60.2,62
05/01/2023,Population,12717.8,1261.1,293.7,967.4,152,107.4,116.1,356.4,5774.4,680.2,380.7,520.6,121.8,145.4,485.5,313.7,186.6,146.9,107.1
05/01/2023,   Labour force,8333.1,855.7,196.1,659.6,98.1,67.5,68.8,232.1,3906.9,432.3,233,364,82.7,106,313.4,205,140.8,91.8,67.9
05/01/2023,      Employment,7900.6,819.6,188.5,631.1,93.8,63.9,63.9,220.2,3675.8,410.8,222.3,340.9,79.3,101.9,299.6,191.7,134.3,88.1,65.3
05/01/2023,      Unemployment,432.6,36.1,7.6,28.5,4.2,3.6,4.9,11.9,231.1,21.5,10.6,23.1,3.4,4.1,13.8,13.3,6.5,3.7,2.6
05/01/2023,Unemployment rate,5.2,4.2,3.9,4.3,4.3,5.3,7.1,5.1,5.9,5,4.5,6.3,4.1,3.9,4.4,6.5,4.6,4,3.8
05/01/2023,Participation rate,65.5,67.9,66.8,68.2,64.5,62.8,59.3,65.1,67.7,63.6,61.2,69.9,67.9,72.9,64.6,65.3,75.5,62.5,63.4
05/01/2023,Employment rate,62.1,65,64.2,65.2,61.7,59.5,55,61.8,63.7,60.4,58.4,65.5,65.1,70.1,61.7,61.1,72,60,61
06/01/2023,Population,12750.3,1264.4,294,970.3,152.6,110,116.4,357.1,5793,681.4,381.5,522.4,121.9,145.7,487,314.5,187,147.1,107.3
06/01/2023,   Labour force,8372.3,865.7,195.7,670,97.8,70.6,69.1,233.2,3934.4,435,232.3,368.1,82.1,106,317.6,203.8,140.1,90.5,67
06/01/2023,      Employment,7922.1,828.2,187.5,640.7,94,65.9,64,221,3694.5,413.3,219,345.2,78.9,101.5,303.1,192,133.9,86.6,64.4
06/01/2023,      Unemployment,450.2,37.5,8.2,29.3,3.8,4.7,5.1,12.2,239.9,21.7,13.3,22.9,3.2,4.5,14.4,11.8,6.1,3.9,2.6
06/01/2023,Unemployment rate,5.4,4.3,4.2,4.4,3.9,6.7,7.4,5.2,6.1,5,5.7,6.2,3.9,4.2,4.5,5.8,4.4,4.3,3.9
06/01/2023,Participation rate,65.7,68.5,66.6,69.1,64.1,64.2,59.4,65.3,67.9,63.8,60.9,70.5,67.4,72.8,65.2,64.8,74.9,61.5,62.4
06/01/2023,Employment rate,62.1,65.5,63.8,66,61.6,59.9,55,61.9,63.8,60.7,57.4,66.1,64.7,69.7,62.2,61,71.6,58.9,60
07/01/2023,Population,12784.2,1267.8,294.4,973.4,153.2,111.6,116.7,357.8,5812.4,682.6,382.4,524.2,122.1,146.1,488.5,315.5,187.4,147.3,107.4
07/01/2023,   Labour force,8403.1,872.6,193.8,678.8,97.6,71.7,70.3,234,3960.1,437.8,230.1,370.3,80.3,104.5,320.8,201,140,89.9,66.7
07/01/2023,      Employment,7932,832.9,185.5,647.4,94.1,64.4,65.5,221.3,3705.8,414.4,216.3,348.6,76.9,99.9,304.6,189.7,133.7,85.7,63.8
07/01/2023,      Unemployment,471.1,39.7,8.3,31.4,3.5,7.3,4.8,12.7,254.4,23.4,13.8,21.7,3.4,4.6,16.2,11.3,6.3,4.2,2.8
07/01/2023,Unemployment rate,5.6,4.5,4.3,4.6,3.6,10.2,6.8,5.4,6.4,5.3,6,5.9,4.2,4.4,5,5.6,4.5,4.7,4.2
07/01/2023,Participation rate,65.7,68.8,65.8,69.7,63.7,64.2,60.2,65.4,68.1,64.1,60.2,70.6,65.8,71.5,65.7,63.7,74.7,61,62.1
07/01/2023,Employment rate,62,65.7,63,66.5,61.4,57.7,56.1,61.9,63.8,60.7,56.6,66.5,63,68.4,62.4,60.1,71.3,58.2,59.4
08/01/2023,Population,12822.2,1271.4,294.8,976.6,153.9,111.3,117,358.6,5834,684,383.3,526.3,122.3,146.4,490.2,316.5,187.9,147.5,107.6
08/01/2023,   Labour force,8430.7,880,194.6,685.4,97.5,71.6,70.3,235.9,3953.8,437.5,231.8,369.3,79.9,103.6,327.1,202.2,136.8,88.8,66.8
08/01/2023,      Employment,7947,837.5,185.9,651.6,93.7,64.1,67.5,223.8,3698.6,414.1,215.9,348.8,76.1,99.2,308.9,190.3,130.6,84.8,63.8
08/01/2023,      Unemployment,483.8,42.5,8.7,33.8,3.8,7.5,2.8,12,255.2,23.4,15.9,20.5,3.8,4.4,18.2,11.8,6.2,4,3.1
08/01/2023,Unemployment rate,5.7,4.8,4.5,4.9,3.9,10.5,4,5.1,6.5,5.3,6.9,5.6,4.8,4.2,5.6,5.8,4.5,4.5,4.6
08/01/2023,Participation rate,65.8,69.2,66,70.2,63.4,64.3,60.1,65.8,67.8,64,60.5,70.2,65.3,70.8,66.7,63.9,72.8,60.2,62.1
08/01/2023,Employment rate,62,65.9,63.1,66.7,60.9,57.6,57.7,62.4,63.4,60.5,56.3,66.3,62.2,67.8,63,60.1,69.5,57.5,59.3
09/01/2023,Population,12860.6,1275,295.2,979.8,154.5,107.1,117.3,359.4,5856.1,685.5,384.3,528.4,122.5,146.8,491.9,317.5,188.4,147.7,107.8
09/01/2023,   Labour force,8443.1,882.1,195.7,686.4,96.8,66.5,71.3,237.8,3945.3,438.5,237.9,367.3,80.2,103.4,331.9,200.2,133.1,89.9,67
09/01/2023,      Employment,7950,838.9,187.5,651.3,92.7,60,69.6,224,3687.5,414.6,222,347.8,76.3,98.3,312,188.1,127.1,85.8,63.8
09/01/2023,      Unemployment,493.1,43.2,8.2,35.1,4.1,6.5,1.7,13.8,257.7,23.9,15.9,19.5,3.8,5.1,19.9,12,6,4.1,3.2
09/01/2023,Unemployment rate,5.8,4.9,4.2,5.1,4.2,9.8,2.4,5.8,6.5,5.5,6.7,5.3,4.7,4.9,6,6,4.5,4.6,4.8
09/01/2023,Participation rate,65.7,69.2,66.3,70.1,62.7,62.1,60.8,66.2,67.4,64,61.9,69.5,65.5,70.4,67.5,63.1,70.6,60.9,62.2
09/01/2023,Employment rate,61.8,65.8,63.5,66.5,60,56,59.3,62.3,63,60.5,57.8,65.8,62.3,67,63.4,59.2,67.5,58.1,59.2
10/01/2023,Population,12899.9,1278.8,295.7,983.1,155.1,101.2,117.6,360.2,5878.8,686.9,385.4,530.6,122.6,147.2,493.7,318.6,188.9,148,108
10/01/2023,   Labour force,8459.2,890.5,198,692.6,95.9,61.3,72.1,239.5,3947.1,440,245.1,364.8,80.5,104.7,334,199.4,130.4,91.2,67.1
10/01/2023,      Employment,7948.8,847,190,657,91.3,57.2,70.7,222.9,3684.5,417.3,228.1,343.8,77.2,98.4,314.4,185.2,124.4,86.5,64.1
10/01/2023,      Unemployment,510.4,43.5,8,35.5,4.6,4,1.4,16.6,262.6,22.7,17,20.9,3.3,6.3,19.5,14.2,6.1,4.8,3
10/01/2023,Unemployment rate,6,4.9,4,5.1,4.8,6.5,1.9,6.9,6.7,5.2,6.9,5.7,4.1,6,5.8,7.1,4.7,5.3,4.5
10/01/2023,Participation rate,65.6,69.6,67,70.5,61.8,60.6,61.3,66.5,67.1,64.1,63.6,68.8,65.7,71.1,67.7,62.6,69,61.6,62.1
10/01/2023,Employment rate,61.6,66.2,64.3,66.8,58.9,56.5,60.1,61.9,62.7,60.8,59.2,64.8,63,66.8,63.7,58.1,65.9,58.4,59.4
11/01/2023,Population,12935.9,1282.2,296.1,986.1,155.6,94.9,117.9,360.9,5900,688.2,386.3,532.6,122.8,147.5,495.4,319.6,189.3,148.2,108.2
11/01/2023,   Labour force,8466.7,890.2,200.4,689.8,95.8,55.4,73.1,242.3,3954.2,443.8,245.5,364.6,81,107.7,332.9,199.3,129.7,92.9,66.8
11/01/2023,      Employment,7952.8,848.9,191.8,657.1,90.3,52.7,71.5,224.7,3691.8,420.4,227.7,342.2,77.7,101.4,313.5,184.2,123.6,87.2,63.7
11/01/2023,      Unemployment,513.9,41.2,8.5,32.7,5.6,2.7,1.7,17.6,262.4,23.4,17.8,22.4,3.4,6.3,19.4,15.2,6.1,5.7,3.2
11/01/2023,Unemployment rate,6.1,4.6,4.2,4.7,5.8,4.9,2.3,7.3,6.6,5.3,7.3,6.1,4.2,5.8,5.8,7.6,4.7,6.1,4.8
11/01/2023,Participation rate,65.5,69.4,67.7,70,61.6,58.4,62,67.1,67,64.5,63.6,68.5,66,73,67.2,62.4,68.5,62.7,61.7
11/01/2023,Employment rate,61.5,66.2,64.8,66.6,58,55.5,60.6,62.3,62.6,61.1,58.9,64.3,63.3,68.7,63.3,57.6,65.3,58.8,58.9
