date,max_temp_celsius,min_temp_celsius,precip_cm
2021-01-01,2.50,-1.00,0.68
2021-01-02,2.20,-0.90,1.08
2021-01-03,2.10,0.20,0.17
2021-01-04,1.70,-0.10,0.00
2021-01-05,1.60,0.60,0.04
2021-01-06,2.10,-0.30,0.00
2021-01-07,0.80,-4.80,0.00
2021-01-08,-1.30,-8.30,0.00
2021-01-09,4.10,-2.40,0.00
2021-01-10,2.10,-2.00,0.00
2021-01-11,1.20,-3.10,0.00
2021-01-12,0.00,-1.10,0.03
2021-01-13,3.60,-0.50,0.00
2021-01-14,5.20,1.70,0.00
2021-01-15,5.60,2.70,0.29
2021-01-16,5.00,-0.30,0.00
2021-01-17,5.10,-0.60,0.02
2021-01-18,1.20,-2.30,0.00
2021-01-19,2.20,-2.20,0.00
2021-01-20,-0.80,-7.10,0.00
2021-01-21,4.00,-0.80,0.01
2021-01-22,2.60,-6.40,0.03
2021-01-23,-4.00,-10.60,0.00
2021-01-24,-1.80,-6.20,0.00
2021-01-25,2.30,-2.10,0.00
2021-01-26,0.90,-3.90,0.87
2021-01-27,-2.50,-8.30,0.00
2021-01-28,-6.70,-12.10,0.00
2021-01-29,-6.60,-12.20,0.00
2021-01-30,-2.00,-10.50,0.00
2021-01-31,-4.20,-8.80,0.00
2021-02-01,-2.00,-9.60,0.00
2021-02-02,0.00,-7.70,0.00
2021-02-03,1.00,-5.90,0.00
2021-02-04,4.00,-3.90,0.09
2021-02-05,3.10,-6.60,0.23
2021-02-06,-5.10,-8.10,0.00
2021-02-07,-5.20,-11.60,0.08
2021-02-08,-5.70,-11.70,0.02
2021-02-09,-2.40,-8.80,0.03
2021-02-10,-4.20,-10.10,0.00
2021-02-11,-2.80,-9.80,0.00
2021-02-12,-8.10,-13.50,0.03
2021-02-13,-8.60,-11.80,0.16
2021-02-14,-3.00,-11.20,0.00
2021-02-15,-2.80,-8.40,0.54
2021-02-16,-6.40,-12.00,0.55
2021-02-17,-2.50,-12.70,0.00
2021-02-18,-2.60,-6.20,0.37
2021-02-19,-1.70,-5.60,0.24
2021-02-20,-0.90,-7.30,0.00
2021-02-21,0.10,-8.50,0.00
2021-02-22,3.50,-0.30,0.77
2021-02-23,5.30,0.20,0.05
2021-02-24,9.10,0.70,0.00
2021-02-25,2.20,-2.60,0.00
2021-02-26,3.30,-3.80,0.00
2021-02-27,6.40,1.00,0.65
2021-02-28,7.30,0.80,0.13
2021-03-01,6.50,-9.60,0.00
2021-03-02,1.00,-12.80,0.00
2021-03-03,8.00,-0.70,0.00
2021-03-04,1.80,-7.00,0.00
2021-03-05,1.70,-8.80,0.00
2021-03-06,-0.90,-6.60,0.00
2021-03-07,0.00,-7.80,0.00
2021-03-08,9.40,-6.40,0.00
2021-03-09,10.70,1.20,0.00
2021-03-10,14.10,3.20,0.00
2021-03-11,18.80,6.80,0.21
2021-03-12,12.40,-3.30,0.00
2021-03-13,6.10,-5.10,0.00
2021-03-14,3.80,-4.70,0.00
2021-03-15,-0.60,-7.80,0.00
2021-03-16,2.80,-1.20,0.00
2021-03-17,8.70,2.00,0.00
2021-03-18,8.00,-1.10,0.04
2021-03-19,3.50,-4.20,0.00
2021-03-20,13.00,-0.30,0.00
2021-03-21,15.60,2.30,0.00
2021-03-22,16.10,3.50,0.00
2021-03-23,15.10,6.10,0.00
2021-03-24,14.90,7.90,0.08
2021-03-25,19.60,8.50,0.10
2021-03-26,10.30,4.00,2.84
2021-03-27,7.50,4.20,0.00
2021-03-28,10.20,2.80,0.95
2021-03-29,7.30,0.20,0.00
2021-03-30,18.40,2.60,0.00
2021-03-31,14.70,1.10,0.00
2021-04-01,3.10,-1.70,0.00
2021-04-02,4.90,-3.50,0.00
2021-04-03,8.90,-1.90,0.03
2021-04-04,12.30,1.50,0.00
2021-04-05,12.60,7.00,0.00
2021-04-06,12.90,7.50,0.01
2021-04-07,15.70,8.00,0.00
2021-04-08,19.40,10.40,0.00
2021-04-09,16.90,12.50,0.08
2021-04-10,19.10,11.30,0.00
2021-04-11,16.50,10.20,1.63
2021-04-12,10.90,6.70,0.70
2021-04-13,14.10,7.10,0.00
2021-04-14,15.40,5.40,0.04
2021-04-15,8.80,5.10,0.08
2021-04-16,10.80,5.10,0.04
2021-04-17,12.10,3.90,0.00
2021-04-18,13.60,4.20,0.00
2021-04-19,16.30,4.90,0.07
2021-04-20,6.60,-0.40,0.12
2021-04-21,4.30,-1.40,0.40
2021-04-22,5.90,-0.70,0.00
2021-04-23,19.00,0.80,0.00
2021-04-24,16.80,7.90,0.00
2021-04-25,12.60,1.70,0.08
2021-04-26,8.20,0.20,0.14
2021-04-27,11.40,5.50,0.43
2021-04-28,16.70,8.30,0.70
2021-04-29,10.80,8.10,0.90
2021-04-30,9.70,4.80,0.00
2021-05-01,12.70,2.00,0.00
2021-05-02,17.00,9.00,0.01
2021-05-03,13.30,7.70,0.24
2021-05-04,11.70,7.20,0.15
2021-05-05,13.10,6.10,0.00
2021-05-06,12.80,4.60,0.00
2021-05-07,10.10,5.10,0.01
2021-05-08,14.50,4.40,0.05
2021-05-09,12.30,4.20,0.00
2021-05-10,15.20,3.70,0.00
2021-05-11,12.60,3.60,0.00
2021-05-12,18.00,6.30,0.00
2021-05-13,19.30,8.90,0.00
2021-05-14,21.40,8.50,0.00
2021-05-15,22.20,9.20,0.00
2021-05-16,22.70,11.70,0.00
2021-05-17,23.70,11.10,0.00
2021-05-18,26.60,13.30,0.00
2021-05-19,28.00,15.40,0.00
2021-05-20,30.20,18.00,0.00
2021-05-21,30.70,18.40,0.00
2021-05-22,28.00,20.40,0.02
2021-05-23,25.30,15.50,0.00
2021-05-24,20.90,13.00,0.00
2021-05-25,30.80,15.10,0.00
2021-05-26,25.60,11.70,0.24
2021-05-27,18.20,9.40,0.00
2021-05-28,11.10,3.10,1.35
2021-05-29,15.50,5.20,0.00
2021-05-30,18.70,8.40,0.00
2021-05-31,21.60,8.40,0.00
2021-06-01,24.80,14.60,0.00
2021-06-02,25.00,13.40,0.55
2021-06-03,21.40,14.80,0.33
2021-06-04,25.30,15.00,0.00
2021-06-05,32.40,17.80,0.00
2021-06-06,30.50,18.90,0.00
2021-06-07,29.60,19.10,0.00
2021-06-08,26.30,20.00,0.50
2021-06-09,28.80,20.60,0.00
2021-06-10,23.70,18.60,0.00
2021-06-11,23.60,17.70,0.00
2021-06-12,25.20,17.40,0.00
2021-06-13,26.90,16.70,0.43
2021-06-14,22.30,16.10,0.25
2021-06-15,22.90,15.50,0.00
2021-06-16,22.40,12.30,0.00
2021-06-17,24.10,11.10,0.00
2021-06-18,23.30,16.90,0.82
2021-06-19,30.80,17.00,0.32
2021-06-20,26.40,15.70,0.00
2021-06-21,28.90,12.70,0.54
2021-06-22,19.80,11.10,0.00
2021-06-23,22.90,10.60,0.00
2021-06-24,27.00,16.40,0.00
2021-06-25,24.40,18.60,1.27
2021-06-26,26.00,18.60,0.46
2021-06-27,29.10,20.70,0.00
2021-06-28,32.60,21.90,0.00
2021-06-29,30.10,20.50,2.50
2021-06-30,28.70,20.10,0.01
2021-07-01,25.50,17.60,0.00
2021-07-02,24.70,16.60,0.51
2021-07-03,24.60,15.40,0.00
2021-07-04,24.00,17.40,0.00
2021-07-05,29.30,18.90,0.01
2021-07-06,33.20,24.10,0.00
2021-07-07,25.10,16.30,0.56
2021-07-08,18.90,15.50,2.68
2021-07-09,20.10,17.00,0.13
2021-07-10,24.40,14.60,0.00
2021-07-11,20.90,18.10,0.09
2021-07-12,24.20,19.70,0.00
2021-07-13,26.70,20.50,0.63
2021-07-14,28.50,20.40,0.00
2021-07-15,28.30,19.80,0.92
2021-07-16,24.10,18.50,0.00
2021-07-17,21.60,18.90,0.43
2021-07-18,29.40,19.20,0.00
2021-07-19,30.00,20.40,0.00
2021-07-20,n/a,n/a,n/a
2021-07-21,25.70,16.30,0.00
2021-07-22,25.60,15.80,0.00
2021-07-23,25.50,15.50,0.00
2021-07-24,23.40,18.00,2.11
2021-07-25,30.60,18.00,0.00
2021-07-26,29.70,18.40,0.00
2021-07-27,24.70,18.70,0.90
2021-07-28,23.60,18.70,0.00
2021-07-29,25.60,19.00,1.21
2021-07-30,21.20,14.00,0.00
2021-07-31,20.70,12.90,0.01
2021-08-01,22.00,15.70,0.03
2021-08-02,24.20,14.30,0.00
2021-08-03,26.40,14.40,0.00
2021-08-04,27.30,16.60,0.00
2021-08-05,28.00,17.50,0.00
2021-08-06,28.60,18.60,0.00
2021-08-07,27.60,20.60,0.11
2021-08-08,27.40,20.70,0.00
2021-08-09,31.60,22.40,0.00
2021-08-10,27.60,23.70,0.05
2021-08-11,31.60,22.80,0.06
2021-08-12,29.60,22.20,0.09
2021-08-13,28.80,20.90,0.00
2021-08-14,26.50,16.60,0.00
2021-08-15,23.70,14.70,0.00
2021-08-16,24.00,17.00,0.00
2021-08-17,28.00,21.60,0.00
2021-08-18,27.40,21.40,0.08
2021-08-19,30.80,20.60,0.00
2021-08-20,29.80,19.20,0.00
2021-08-21,29.30,23.10,0.00
2021-08-22,29.90,21.60,0.00
2021-08-23,32.30,22.00,0.00
2021-08-24,31.10,20.00,0.00
2021-08-25,30.00,22.90,0.00
2021-08-26,32.70,22.70,0.04
2021-08-27,26.80,21.90,0.00
2021-08-28,27.20,20.10,0.44
2021-08-29,30.80,22.00,0.26
2021-08-30,30.20,20.00,0.00
2021-08-31,26.90,18.10,0.00
2021-09-01,25.10,17.30,0.00
2021-09-02,22.40,13.00,0.00
2021-09-03,22.60,13.00,0.00
2021-09-04,25.00,14.00,0.29
2021-09-05,27.80,18.20,0.23
2021-09-06,24.00,14.40,0.35
2021-09-07,25.30,13.60,2.18
2021-09-08,26.50,16.30,1.90
2021-09-09,22.20,14.80,0.02
2021-09-10,23.30,12.50,0.00
2021-09-11,25.70,14.00,0.00
2021-09-12,24.20,15.60,0.23
2021-09-13,22.40,13.30,0.00
2021-09-14,25.00,16.20,1.69
2021-09-15,22.70,16.70,0.00
2021-09-16,22.90,15.90,0.00
2021-09-17,26.20,16.60,0.00
2021-09-18,25.10,14.30,0.00
2021-09-19,21.10,14.10,0.00
2021-09-20,23.30,14.70,0.00
2021-09-21,25.50,19.30,0.62
2021-09-22,19.90,13.00,4.99
2021-09-23,18.70,13.20,0.42
2021-09-24,17.30,11.80,0.04
2021-09-25,21.00,11.00,0.34
2021-09-26,20.50,9.00,0.33
2021-09-27,24.70,14.30,0.23
2021-09-28,17.40,10.80,0.00
2021-09-29,20.80,10.50,0.00
2021-09-30,15.90,9.90,0.00
2021-10-01,18.60,10.10,0.00
2021-10-02,24.40,13.50,0.01
2021-10-03,19.40,15.30,2.28
2021-10-04,16.20,14.60,0.42
2021-10-05,18.50,14.80,0.00
2021-10-06,18.00,15.10,0.00
2021-10-07,19.70,16.00,0.00
2021-10-08,19.80,16.10,0.00
2021-10-09,19.90,17.40,0.71
2021-10-10,20.50,16.60,0.84
2021-10-11,22.10,17.00,0.00
2021-10-12,22.10,16.80,0.00
2021-10-13,21.60,16.00,0.00
2021-10-14,21.60,14.80,0.14
2021-10-15,19.80,14.80,2.04
2021-10-16,15.40,10.30,0.18
2021-10-17,15.20,9.40,0.02
2021-10-18,13.40,6.30,0.00
2021-10-19,21.10,5.90,0.00
2021-10-20,18.20,11.90,0.08
2021-10-21,17.20,9.40,0.26
2021-10-22,9.50,5.10,0.00
2021-10-23,10.00,4.60,0.00
2021-10-24,13.10,5.30,0.18
2021-10-25,9.50,5.40,1.88
2021-10-26,9.50,5.30,0.67
2021-10-27,16.70,9.00,0.00
2021-10-28,10.80,7.60,0.00
2021-10-29,13.30,9.10,1.52
2021-10-30,10.10,8.40,1.86
2021-10-31,15.30,8.10,0.00
2021-11-01,n/a,n/a,n/a
2021-11-02,9.20,2.80,0.01
2021-11-03,7.90,1.40,0.00
2021-11-04,8.80,1.30,0.00
2021-11-05,10.00,0.00,0.00
2021-11-06,11.60,2.00,0.00
2021-11-07,16.20,4.40,0.00
2021-11-08,17.30,6.00,0.00
2021-11-09,14.90,8.40,0.24
2021-11-10,13.20,4.10,0.00
2021-11-11,13.00,7.00,0.04
2021-11-12,13.10,6.40,0.30
2021-11-13,7.80,4.00,0.00
2021-11-14,5.60,2.00,0.94
2021-11-15,5.90,1.30,0.07
2021-11-16,n/a,n/a,n/a
2021-11-17,16.10,3.60,0.09
2021-11-18,14.50,2.40,0.02
2021-11-19,6.40,1.60,0.00
2021-11-20,6.80,1.50,0.03
2021-11-21,8.60,2.50,0.34
2021-11-22,4.90,-0.90,0.00
2021-11-23,4.00,-1.90,0.00
2021-11-24,8.00,-1.10,0.03
2021-11-25,7.60,4.80,0.90
2021-11-26,4.80,-1.80,0.00
2021-11-27,1.50,-3.20,0.00
2021-11-28,-0.10,-2.80,0.78
2021-11-29,1.10,-4.60,0.13
2021-11-30,3.70,-2.10,0.16
2021-12-01,5.80,1.70,0.00
2021-12-02,10.80,2.50,0.07
2021-12-03,2.60,0.50,0.00
2021-12-04,5.50,0.70,0.00
2021-12-05,4.80,-0.20,1.47
2021-12-06,10.30,-0.90,0.25
2021-12-07,-0.70,-5.00,0.00
2021-12-08,-1.00,-5.20,0.20
2021-12-09,2.20,-4.30,0.16
2021-12-10,6.30,2.20,0.00
2021-12-11,16.00,2.70,1.64
2021-12-12,7.20,0.70,0.03
2021-12-13,9.80,3.80,0.00
2021-12-14,6.30,2.30,0.00
2021-12-15,11.90,4.20,0.10
2021-12-16,15.20,5.50,0.00
2021-12-17,5.90,0.80,0.00
2021-12-18,1.40,-2.90,0.82
2021-12-19,-2.50,-5.30,0.00
2021-12-20,4.20,-5.30,0.00
2021-12-21,4.70,0.40,0.00
2021-12-22,4.60,-3.30,0.04
2021-12-23,0.10,-4.90,0.41
2021-12-24,3.80,-0.10,0.03
2021-12-25,7.40,3.30,0.48
2021-12-26,4.40,-4.90,0.00
2021-12-27,1.30,-5.30,0.19
2021-12-28,3.10,-0.10,0.03
2021-12-29,3.30,0.70,0.01
2021-12-30,3.50,1.70,0.00
2021-12-31,7.10,2.70,0.00
2022-01-01,5.10,-2.10,0.24
2022-01-02,-2.10,-10.50,0.20
2022-01-03,-4.00,-12.90,0.00
2022-01-04,3.30,-5.70,0.00
2022-01-05,4.90,-4.50,0.03
2022-01-06,-1.50,-6.30,0.00
2022-01-07,-4.50,-11.60,0.00
2022-01-08,1.90,-12.60,0.05
2022-01-09,4.30,-6.60,0.02
2022-01-10,-6.20,-17.40,0.01
2022-01-11,-1.70,-20.00,0.00
2022-01-12,2.40,-1.70,0.00
2022-01-13,2.00,-0.80,0.00
2022-01-14,-0.30,-18.10,0.00
2022-01-15,-12.60,-20.40,0.00
2022-01-16,0.30,-13.40,0.31
2022-01-17,-2.30,-5.00,3.62
2022-01-18,0.20,-10.10,0.08
2022-01-19,4.60,-7.30,0.00
2022-01-20,-7.30,-16.40,0.00
2022-01-21,-8.90,-17.70,0.01
2022-01-22,-3.80,-12.40,0.00
2022-01-23,-4.10,-14.50,0.01
2022-01-24,-3.80,-14.70,0.47
2022-01-25,-5.40,-12.30,0.00
2022-01-26,-8.60,-14.00,0.01
2022-01-27,-3.10,-9.00,0.00
2022-01-28,-3.20,-16.20,0.00
2022-01-29,-9.80,-18.60,0.00
2022-01-30,-4.20,-12.30,0.00
2022-01-31,-0.70,-5.70,0.00
2022-02-01,5.30,-2.40,0.00
2022-02-02,4.80,-2.60,1.26
2022-02-03,-2.10,-9.60,0.35
2022-02-04,-8.50,-12.10,0.07
2022-02-05,-6.30,-13.80,0.00
2022-02-06,0.20,-6.30,0.00
2022-02-07,3.30,-1.00,0.00
2022-02-08,1.00,-3.90,0.00
2022-02-09,5.40,-2.70,0.00
2022-02-10,3.60,0.30,0.00
2022-02-11,4.10,-0.10,0.35
2022-02-12,3.20,-12.70,0.06
2022-02-13,-8.30,-15.60,0.00
2022-02-14,-8.90,-15.30,0.00
2022-02-15,-2.50,-9.60,0.00
2022-02-16,8.90,-2.90,0.02
2022-02-17,8.00,-4.30,3.58
2022-02-18,-2.90,-10.30,0.23
2022-02-19,-1.30,-9.10,0.15
2022-02-20,7.50,-8.10,0.00
2022-02-21,6.70,0.00,0.00
2022-02-22,9.00,-0.10,0.94
2022-02-23,9.40,-9.40,0.00
2022-02-24,-5.40,-10.60,0.00
2022-02-25,-4.90,-9.90,0.40
2022-02-26,-1.40,-10.50,0.00
2022-02-27,1.50,-7.20,0.00
2022-02-28,-2.70,-11.10,0.00
2022-03-01,6.00,-2.70,0.00
2022-03-02,3.80,-4.00,0.05
2022-03-03,-4.00,-9.10,0.00
2022-03-04,1.80,-8.40,0.00
2022-03-05,3.70,-1.80,0.00
2022-03-06,17.30,3.20,0.19
2022-03-07,4.20,-0.50,0.54
2022-03-08,3.70,-2.00,0.00
2022-03-09,4.40,-0.20,0.00
2022-03-10,3.90,-1.20,0.00
2022-03-11,0.40,-2.50,0.41
2022-03-12,-1.80,-7.90,0.02
2022-03-13,0.80,-8.90,0.04
2022-03-14,7.00,-2.40,0.00
2022-03-15,3.00,0.90,1.08
2022-03-16,3.50,0.20,0.00
2022-03-17,16.10,0.80,0.00
2022-03-18,15.80,8.60,0.01
2022-03-19,8.80,4.60,0.63
2022-03-20,12.30,3.00,0.07
2022-03-21,14.50,1.80,0.00
2022-03-22,5.20,0.40,0.00
2022-03-23,3.80,1.40,1.95
2022-03-24,10.80,3.50,0.00
2022-03-25,6.70,3.70,0.00
2022-03-26,7.90,0.00,0.17
2022-03-27,0.00,-7.30,0.10
2022-03-28,-4.70,-10.10,0.00
2022-03-29,2.70,-6.80,0.00
2022-03-30,5.70,-1.90,0.30
2022-03-31,16.50,4.40,0.03
2022-04-01,4.40,-0.50,0.17
2022-04-02,5.80,-1.20,0.00
2022-04-03,7.60,1.30,0.00
2022-04-04,7.80,-0.10,0.00
2022-04-05,11.40,3.70,0.05
2022-04-06,11.20,7.40,0.55
2022-04-07,13.10,6.10,0.16
2022-04-08,9.90,3.50,0.10
2022-04-09,8.50,2.30,0.00
2022-04-10,9.30,1.90,0.00
2022-04-11,10.80,3.40,0.02
2022-04-12,15.70,7.10,0.00
2022-04-13,16.50,9.20,0.31
2022-04-14,14.60,7.90,0.01
2022-04-15,14.00,4.00,0.08
2022-04-16,7.70,0.70,0.00
2022-04-17,8.90,-0.30,0.00
2022-04-18,5.90,0.60,1.36
2022-04-19,7.10,2.20,0.09
2022-04-20,10.30,2.50,0.00
2022-04-21,16.00,5.50,0.43
2022-04-22,11.70,4.60,0.00
2022-04-23,9.70,6.60,0.01
2022-04-24,14.70,7.60,0.00
2022-04-25,19.20,10.30,0.89
2022-04-26,11.90,2.40,0.25
2022-04-27,5.20,0.40,0.00
2022-04-28,10.80,-0.50,0.00
2022-04-29,12.30,1.80,0.00
2022-04-30,13.10,6.60,0.00
2022-05-01,11.20,6.90,0.14
2022-05-02,13.60,8.50,0.00
2022-05-03,13.10,8.80,1.28
2022-05-04,16.80,9.60,0.43
2022-05-05,14.70,8.00,0.00
2022-05-06,15.70,9.80,0.00
2022-05-07,13.10,7.90,0.00
2022-05-08,16.10,8.60,0.00
2022-05-09,19.60,10.20,0.00
2022-05-10,20.50,11.50,0.00
2022-05-11,23.30,13.00,0.00
2022-05-12,24.10,14.30,0.00
2022-05-13,26.90,14.20,0.00
2022-05-14,27.00,16.60,0.00
2022-05-15,29.10,15.50,0.00
2022-05-16,20.70,12.20,0.35
2022-05-17,17.50,8.10,0.00
2022-05-18,14.60,7.20,0.00
2022-05-19,20.00,9.40,0.13
2022-05-20,23.50,11.60,0.00
2022-05-21,27.40,16.60,0.15
2022-05-22,18.30,9.20,0.01
2022-05-23,16.20,8.00,0.00
2022-05-24,18.80,8.70,0.00
2022-05-25,19.10,11.70,0.00
2022-05-26,26.00,14.20,0.02
2022-05-27,22.20,16.20,0.32
2022-05-28,22.40,13.80,0.03
2022-05-29,24.40,15.50,0.00
2022-05-30,29.70,16.80,0.00
2022-05-31,32.20,19.30,0.00
2022-06-01,25.70,14.40,0.40
2022-06-02,21.10,11.90,0.00
2022-06-03,23.30,10.80,0.00
2022-06-04,21.60,9.10,0.00
2022-06-05,23.70,11.50,0.02
2022-06-06,19.90,13.80,0.75
2022-06-07,21.00,13.00,3.17
2022-06-08,22.30,12.20,0.22
2022-06-09,22.30,13.90,0.56
2022-06-10,23.90,12.80,0.00
2022-06-11,23.60,15.40,0.00
2022-06-12,23.80,15.00,0.21
2022-06-13,21.30,12.50,0.00
2022-06-14,24.30,17.40,0.00
2022-06-15,25.40,17.90,0.02
2022-06-16,32.50,19.00,0.00
2022-06-17,27.40,13.70,0.00
2022-06-18,19.70,11.40,0.00
2022-06-19,22.90,10.30,0.00
2022-06-20,23.20,15.00,0.00
2022-06-21,29.40,17.70,0.00
2022-06-22,35.80,18.70,0.00
2022-06-23,28.30,16.80,0.00
2022-06-24,28.00,15.10,0.00
2022-06-25,29.60,18.40,0.00
2022-06-26,28.50,19.80,0.46
2022-06-27,22.30,13.70,0.00
2022-06-28,22.90,11.60,0.00
2022-06-29,22.50,14.80,0.28
2022-06-30,25.80,15.00,0.00
2022-07-01,28.30,20.20,0.03
2022-07-02,29.40,15.30,0.00
2022-07-03,25.90,15.40,0.00
2022-07-04,25.90,16.50,0.00
2022-07-05,27.10,18.40,0.54
2022-07-06,22.90,17.90,0.00
2022-07-07,25.60,16.60,0.00
2022-07-08,27.20,17.90,0.00
2022-07-09,23.10,14.50,0.00
2022-07-10,27.60,14.40,0.00
2022-07-11,29.60,16.60,0.09
2022-07-12,28.00,19.10,0.18
2022-07-13,24.20,16.90,0.03
2022-07-14,26.20,15.70,0.00
2022-07-15,26.60,15.90,0.00
2022-07-16,29.20,18.40,0.00
2022-07-17,28.80,19.30,0.00
2022-07-18,27.30,19.90,2.73
2022-07-19,35.20,19.90,0.00
2022-07-20,30.20,22.80,0.00
2022-07-21,31.20,22.10,0.00
2022-07-22,31.10,20.00,0.00
2022-07-23,30.50,21.20,0.00
2022-07-24,27.80,21.10,2.20
2022-07-25,23.50,17.00,0.00
2022-07-26,24.50,15.30,0.00
2022-07-27,26.40,17.10,0.00
2022-07-28,29.00,20.10,0.08
2022-07-29,28.50,16.80,0.00
2022-07-30,25.60,17.10,0.00
2022-07-31,27.40,17.70,0.00
2022-08-01,27.30,18.40,0.06
2022-08-02,26.90,17.60,0.00
2022-08-03,28.50,16.30,0.04
2022-08-04,27.60,21.10,1.61
2022-08-05,29.20,21.20,0.00
2022-08-06,30.50,21.70,0.00
2022-08-07,31.40,23.20,0.00
2022-08-08,28.60,20.00,0.12
2022-08-09,22.70,18.60,0.00
2022-08-10,26.60,17.30,0.00
2022-08-11,26.70,16.50,0.00
2022-08-12,26.70,15.10,0.00
2022-08-13,25.20,13.60,0.00
2022-08-14,25.40,17.30,0.00
2022-08-15,27.10,18.90,0.00
2022-08-16,27.80,19.30,0.00
2022-08-17,27.70,18.60,0.00
2022-08-18,29.60,18.50,0.00
2022-08-19,28.50,17.90,0.04
2022-08-20,30.00,19.50,0.08
2022-08-21,26.20,19.50,1.04
2022-08-22,24.70,19.60,2.87
2022-08-23,29.10,19.40,0.00
2022-08-24,28.70,17.40,0.00
2022-08-25,24.40,19.10,0.27
2022-08-26,27.00,16.90,0.00
2022-08-27,23.10,14.00,0.00
2022-08-28,28.10,17.80,0.00
2022-08-29,29.60,21.30,0.00
2022-08-30,25.70,18.50,0.32
2022-08-31,27.30,16.20,0.00
2022-09-01,22.10,12.50,0.00
2022-09-02,27.30,16.40,0.00
2022-09-03,28.80,19.00,0.02
2022-09-04,22.00,16.20,0.01
2022-09-05,20.90,16.30,0.00
2022-09-06,23.40,15.20,0.00
2022-09-07,24.10,17.00,0.00
2022-09-08,25.80,16.30,0.00
2022-09-09,27.20,16.50,0.00
2022-09-10,26.50,19.70,0.00
2022-09-11,23.40,20.40,0.00
2022-09-12,23.80,17.90,0.53
2022-09-13,21.00,13.80,0.04
2022-09-14,25.20,12.30,0.00
2022-09-15,18.40,10.30,0.00
2022-09-16,22.60,12.60,0.00
2022-09-17,23.50,17.40,0.00
2022-09-18,27.10,19.80,0.35
2022-09-19,27.20,16.60,0.42
2022-09-20,26.10,15.90,0.00
2022-09-21,27.30,16.80,0.00
2022-09-22,18.40,8.90,0.00
2022-09-23,16.20,6.70,0.00
2022-09-24,17.60,7.90,0.00
2022-09-25,17.90,13.30,3.92
2022-09-26,17.60,11.30,0.39
2022-09-27,17.30,12.20,0.40
2022-09-28,14.10,10.10,0.00
2022-09-29,14.70,8.90,0.00
2022-09-30,17.30,8.00,0.00
2022-10-01,19.30,10.30,0.00
2022-10-02,15.90,7.60,0.00
2022-10-03,14.50,6.70,0.00
2022-10-04,18.40,7.10,0.00
2022-10-05,20.70,10.20,0.00
2022-10-06,21.40,13.80,0.02
2022-10-07,15.10,4.40,0.03
2022-10-08,11.30,3.60,0.00
2022-10-09,15.20,7.70,0.00
2022-10-10,14.10,7.70,0.00
2022-10-11,21.40,6.80,0.00
2022-10-12,19.50,14.50,0.34
2022-10-13,15.50,7.70,1.10
2022-10-14,13.60,7.40,0.05
2022-10-15,14.40,7.30,0.15
2022-10-16,14.80,6.20,0.00
2022-10-17,10.60,5.50,0.06
2022-10-18,9.20,2.20,0.20
2022-10-19,9.00,4.40,0.10
2022-10-20,7.60,2.20,0.00
2022-10-21,15.80,2.00,0.00
2022-10-22,19.30,10.10,0.00
2022-10-23,18.20,9.60,0.00
2022-10-24,19.00,8.70,0.00
2022-10-25,18.30,10.70,0.00
2022-10-26,15.90,7.60,0.79
2022-10-27,n/a,n/a,n/a
2022-10-28,10.20,4.10,0.00
2022-10-29,15.10,4.30,0.00
2022-10-30,14.90,5.50,0.00
2022-10-31,12.10,8.20,0.36
2022-11-01,19.40,9.50,0.49
2022-11-02,13.90,7.60,0.00
2022-11-03,11.30,7.30,0.00
2022-11-04,19.00,8.30,0.00
2022-11-05,23.10,14.40,0.22
2022-11-06,17.80,11.70,0.00
2022-11-07,13.70,4.80,0.00
2022-11-08,10.10,4.20,0.00
2022-11-09,12.60,5.30,0.00
2022-11-10,18.00,9.00,0.00
2022-11-11,15.10,12.00,0.83
2022-11-12,12.00,3.80,0.06
2022-11-13,4.50,-0.50,0.00
2022-11-14,4.20,-0.50,0.00
2022-11-15,2.30,-1.10,1.76
2022-11-16,1.70,-1.10,0.91
2022-11-17,1.90,-1.70,0.01
2022-11-18,2.60,-1.40,0.00
2022-11-19,-0.20,-3.90,0.01
2022-11-20,-2.00,-5.50,0.02
2022-11-21,7.30,-5.20,0.00
2022-11-22,5.40,0.00,0.00
2022-11-23,7.40,-0.20,0.00
2022-11-24,8.20,1.20,0.00
2022-11-25,8.10,4.00,0.09
2022-11-26,11.20,2.00,0.00
2022-11-27,7.40,3.40,0.38
2022-11-28,4.30,1.10,0.00
2022-11-29,6.90,1.50,0.00
2022-11-30,8.70,-1.50,2.22
2022-12-01,1.60,-1.90,0.00
2022-12-02,9.40,-1.40,0.30
2022-12-03,9.90,0.90,0.54
2022-12-04,2.30,-1.80,0.00
2022-12-05,7.60,0.80,0.00
2022-12-06,7.40,5.20,0.00
2022-12-07,8.50,5.80,0.00
2022-12-08,6.30,-0.80,0.00
2022-12-09,1.20,-1.70,0.01
2022-12-10,-0.40,-4.40,0.00
2022-12-11,-0.40,-1.80,0.44
2022-12-12,-1.10,-5.20,0.00
2022-12-13,1.00,-6.20,0.00
2022-12-14,0.60,-5.20,0.00
2022-12-15,2.50,-0.60,3.98
2022-12-16,5.00,0.20,0.91
2022-12-17,1.70,-1.00,0.00
2022-12-18,1.20,-1.60,0.00
2022-12-19,1.90,-1.20,0.00
2022-12-20,1.00,-1.00,0.00
2022-12-21,1.30,-2.70,0.00
2022-12-22,4.80,-0.50,1.34
2022-12-23,4.30,-13.60,2.06
2022-12-24,-8.10,-14.00,0.00
2022-12-25,-3.90,-8.60,0.00
2022-12-26,-4.40,-8.10,0.00
2022-12-27,0.00,-5.70,0.00
2022-12-28,4.90,-0.20,0.00
2022-12-29,9.80,4.00,0.00
2022-12-30,11.60,9.20,0.96
2022-12-31,10.70,4.10,2.25
2023-01-01,5.00,2.70,0.15
2023-01-02,5.60,3.50,0.00
2023-01-03,4.40,2.80,0.33
2023-01-04,4.40,2.50,2.11
2023-01-05,4.80,3.20,0.02
2023-01-06,5.10,2.90,0.00
2023-01-07,3.20,-4.10,0.00
2023-01-08,-1.50,-4.80,0.00
2023-01-09,2.20,-1.70,0.01
2023-01-10,1.70,-1.80,0.00
2023-01-11,1.90,-4.80,0.01
2023-01-12,4.90,-0.10,0.60
2023-01-13,-0.10,-8.80,0.25
2023-01-14,-3.20,-9.40,0.00
2023-01-15,-1.00,-8.40,0.00
2023-01-16,1.80,-5.10,0.01
2023-01-17,5.30,1.70,0.40
2023-01-18,6.20,2.80,0.13
2023-01-19,3.80,1.60,0.48
2023-01-20,3.80,-0.80,0.17
2023-01-21,1.10,-1.00,0.00
2023-01-22,2.10,-1.60,0.28
2023-01-23,2.70,-2.00,0.00
2023-01-24,3.20,-0.70,0.00
2023-01-25,2.60,-0.40,1.92
2023-01-26,2.50,-3.50,0.19
2023-01-27,1.20,-1.40,0.01
2023-01-28,2.70,-1.30,0.02
2023-01-29,1.30,-5.60,0.49
2023-01-30,-1.10,-7.10,0.00
2023-01-31,-3.80,-9.70,0.00
2023-02-01,-3.70,-10.60,0.00
2023-02-02,2.90,-9.30,0.00
2023-02-03,-9.30,-20.50,0.00
2023-02-04,-0.20,-20.00,0.04
2023-02-05,5.50,-0.30,0.00
2023-02-06,3.30,-2.40,0.00
2023-02-07,8.90,-0.10,0.00
2023-02-08,7.70,2.30,0.00
2023-02-09,7.00,2.00,2.81
2023-02-10,6.10,-2.30,0.00
2023-02-11,2.10,-3.80,0.00
2023-02-12,7.10,0.10,0.00
2023-02-13,9.80,-0.60,0.00
2023-02-14,8.50,-0.40,0.00
2023-02-15,15.30,6.20,0.02
2023-02-16,6.60,-0.20,0.47
2023-02-17,1.00,-7.90,0.57
2023-02-18,2.80,-6.90,0.00
2023-02-19,8.80,2.00,0.00
2023-02-20,6.60,-0.90,0.00
2023-02-21,7.10,-1.00,0.02
2023-02-22,-0.30,-6.70,1.77
2023-02-23,-1.00,-7.10,0.10
2023-02-24,-2.20,-9.50,0.00
2023-02-25,-0.90,-8.20,0.09
2023-02-26,4.20,-3.10,0.00
2023-02-27,0.80,-5.40,0.72
2023-02-28,2.60,-0.10,0.28
2023-03-01,3.20,-0.10,0.00
2023-03-02,4.90,-0.50,0.00
2023-03-03,1.10,-1.60,2.17
2023-03-04,5.80,-0.90,1.11
2023-03-05,6.80,-0.10,0.04
2023-03-06,3.40,-0.80,0.00
2023-03-07,1.90,-1.90,0.00
2023-03-08,3.00,-2.30,0.00
2023-03-09,4.60,-2.50,0.00
2023-03-10,0.70,-2.30,0.90
2023-03-11,0.60,-3.50,0.03
2023-03-12,0.70,-3.40,0.25
2023-03-13,2.00,-2.30,0.05
2023-03-14,-1.30,-4.50,0.00
2023-03-15,6.00,-4.60,0.00
2023-03-16,10.00,1.20,0.18
2023-03-17,7.60,1.20,0.65
2023-03-18,2.20,-5.90,0.04
2023-03-19,1.20,-6.70,0.00
2023-03-20,7.20,-1.50,0.00
2023-03-21,9.80,4.20,0.00
2023-03-22,7.90,1.80,0.00
2023-03-23,8.90,0.30,0.95
2023-03-24,5.90,0.10,0.00
2023-03-25,9.60,1.80,2.38
2023-03-26,10.80,2.80,0.00
2023-03-27,6.40,2.80,0.10
2023-03-28,7.20,2.10,0.00
2023-03-29,9.60,-3.50,0.21
2023-03-30,3.40,-4.20,0.00
2023-03-31,4.80,1.20,1.00
2023-04-01,16.10,-1.30,1.69
2023-04-02,2.90,-3.70,0.00
2023-04-03,14.10,2.30,0.00
2023-04-04,10.30,5.60,0.15
2023-04-05,12.10,3.10,2.60
2023-04-06,12.90,5.80,0.00
2023-04-07,7.70,-0.60,0.00
2023-04-08,6.10,-1.60,0.00
2023-04-09,10.10,1.60,0.00
2023-04-10,17.80,3.90,0.00
2023-04-11,24.40,8.20,0.00
2023-04-12,27.40,13.00,0.00
2023-04-13,26.80,14.70,0.00
2023-04-14,27.00,14.00,0.00
2023-04-15,23.90,14.60,0.00
2023-04-16,23.00,9.20,0.60
2023-04-17,10.10,3.70,0.06
2023-04-18,6.30,2.30,0.00
2023-04-19,9.10,1.50,0.00
2023-04-20,10.20,3.90,0.07
2023-04-21,20.90,7.20,0.22
2023-04-22,11.80,7.50,1.69
2023-04-23,8.90,5.70,0.00
2023-04-24,8.20,4.10,0.22
2023-04-25,11.00,3.80,0.00
2023-04-26,9.10,2.40,0.00
2023-04-27,12.40,3.70,0.00
2023-04-28,11.80,7.30,1.35
2023-04-29,10.30,6.10,0.68
2023-04-30,11.00,7.40,1.22
2023-05-01,10.70,6.00,0.13
2023-05-02,8.20,3.20,0.58
2023-05-03,10.00,3.30,0.51
2023-05-04,13.20,7.20,0.00
2023-05-05,14.50,8.50,0.01
2023-05-06,18.60,7.20,0.00
2023-05-07,16.70,10.50,1.11
2023-05-08,20.20,8.60,0.00
2023-05-09,15.60,9.60,0.00
2023-05-10,19.90,7.20,0.00
2023-05-11,26.70,11.50,0.00
2023-05-12,27.50,15.00,0.00
2023-05-13,23.10,13.60,0.00
2023-05-14,15.90,10.50,0.00
2023-05-15,23.90,9.20,0.00
2023-05-16,25.00,6.60,0.00
2023-05-17,10.20,2.80,0.00
2023-05-18,13.90,4.00,0.00
2023-05-19,21.50,8.40,0.90
2023-05-20,17.40,11.90,1.55
2023-05-21,24.30,10.70,0.00
2023-05-22,16.30,11.40,0.00
2023-05-23,19.50,10.00,0.00
2023-05-24,17.00,6.80,0.00
2023-05-25,15.40,5.20,0.00
2023-05-26,19.90,7.40,0.00
2023-05-27,23.20,12.40,0.00
2023-05-28,25.90,12.70,0.00
2023-05-29,24.20,17.30,0.00
2023-05-30,26.70,15.10,0.00
2023-05-31,30.20,16.90,0.00
2023-06-01,30.40,19.00,0.00
2023-06-02,32.80,19.60,0.94
2023-06-03,23.40,15.80,0.00
2023-06-04,20.30,13.10,0.00
2023-06-05,22.40,14.20,0.00
2023-06-06,23.70,15.00,0.00
2023-06-07,21.80,12.70,0.00
2023-06-08,18.50,13.30,0.00
2023-06-09,21.10,12.10,0.24
2023-06-10,25.90,14.10,0.00
2023-06-11,22.60,15.60,0.70
2023-06-12,18.80,12.70,5.01
2023-06-13,19.80,11.70,0.33
2023-06-14,19.30,12.50,0.13
2023-06-15,20.10,11.80,0.27
2023-06-16,22.90,14.60,0.00
2023-06-17,25.40,13.80,0.00
2023-06-18,24.80,14.80,0.00
2023-06-19,24.40,16.10,0.00
2023-06-20,24.30,18.70,0.00
2023-06-21,26.20,18.90,0.00
2023-06-22,24.30,18.30,0.00
2023-06-23,23.30,19.30,0.46
2023-06-24,28.00,20.00,0.01
2023-06-25,28.20,19.70,0.88
2023-06-26,24.00,19.50,0.75
2023-06-27,23.00,16.30,0.58
2023-06-28,23.60,15.40,0.00
2023-06-29,26.00,13.70,0.00
2023-06-30,25.00,18.70,0.02
2023-07-01,28.70,19.40,0.04
2023-07-02,23.80,20.50,0.09
2023-07-03,25.10,19.60,0.22
2023-07-04,32.00,19.10,0.00
2023-07-05,31.30,22.40,0.00
2023-07-06,30.00,22.20,0.11
2023-07-07,28.30,18.10,0.00
2023-07-08,25.00,15.70,0.02
2023-07-09,25.90,16.90,0.00
2023-07-10,28.70,16.50,0.00
2023-07-11,30.30,18.60,0.18
2023-07-12,25.30,15.10,0.00
2023-07-13,25.00,16.90,3.41
2023-07-14,26.10,15.30,0.00
2023-07-15,24.40,19.80,0.88
2023-07-16,27.20,19.90,0.11
2023-07-17,27.10,19.20,0.00
2023-07-18,26.10,18.00,0.04
2023-07-19,25.10,16.60,0.00
2023-07-20,26.80,18.90,0.29
2023-07-21,26.30,18.80,0.00
2023-07-22,29.00,17.20,0.00
2023-07-23,27.30,17.50,0.12
2023-07-24,26.40,18.40,0.73
2023-07-25,26.50,18.70,0.25
2023-07-26,28.80,20.60,0.62
2023-07-27,30.00,20.80,1.43
2023-07-28,30.00,20.40,0.00
2023-07-29,25.20,16.60,1.28
2023-07-30,24.30,14.80,0.00
2023-07-31,25.20,15.90,0.00
2023-08-01,24.00,15.40,0.00
2023-08-02,24.40,16.30,0.01
2023-08-03,28.50,18.50,0.58
2023-08-04,27.50,17.80,0.00
2023-08-05,24.20,18.40,0.00
2023-08-06,24.20,16.10,0.38
2023-08-07,25.20,19.20,0.59
2023-08-08,25.30,17.50,0.00
2023-08-09,28.90,16.60,0.00
2023-08-10,25.90,19.40,0.00
2023-08-11,25.30,16.00,0.00
2023-08-12,29.50,19.80,0.17
2023-08-13,26.00,17.50,0.00
2023-08-14,23.90,16.00,0.00
2023-08-15,23.20,18.60,0.28
2023-08-16,26.70,18.10,0.00
2023-08-17,25.90,17.80,0.61
2023-08-18,20.80,14.80,0.00
2023-08-19,26.20,13.10,0.00
2023-08-20,27.90,15.90,0.00
2023-08-21,25.60,17.50,0.00
2023-08-22,24.40,15.30,0.00
2023-08-23,20.80,15.90,0.24
2023-08-24,22.20,18.80,1.43
2023-08-25,24.90,19.40,0.00
2023-08-26,24.20,15.80,0.06
2023-08-27,22.30,13.30,0.00
2023-08-28,22.90,15.00,0.00
2023-08-29,24.60,14.60,0.24
2023-08-30,21.20,12.70,0.00
2023-08-31,22.10,11.60,0.00
2023-09-01,24.10,13.50,0.00
2023-09-02,26.70,15.80,0.00
2023-09-03,28.60,17.80,0.00
2023-09-04,32.90,20.80,0.00
2023-09-05,31.40,21.30,0.00
2023-09-06,31.40,22.10,0.00
2023-09-07,27.80,18.10,0.54
2023-09-08,20.90,15.90,0.00
2023-09-09,20.80,16.50,0.00
2023-09-10,23.60,17.90,0.00
2023-09-11,24.30,16.70,0.00
2023-09-12,23.90,15.40,0.45
2023-09-13,19.40,12.40,0.00
2023-09-14,20.50,10.70,0.00
2023-09-15,21.00,11.10,0.00
2023-09-16,23.40,11.90,0.00
2023-09-17,23.30,15.00,0.09
2023-09-18,22.60,13.40,0.00
2023-09-19,21.60,11.10,0.00
2023-09-20,19.50,9.50,0.00
2023-09-21,22.20,14.00,0.00
2023-09-22,22.10,14.60,0.00
2023-09-23,21.10,14.20,0.00
2023-09-24,21.40,14.20,0.00
2023-09-25,23.50,16.10,0.00
2023-09-26,20.20,16.40,0.00
2023-09-27,19.90,15.00,0.00
2023-09-28,18.80,15.10,0.09
2023-09-29,20.80,14.50,0.02
2023-09-30,23.30,15.00,0.00
2023-10-01,24.80,14.90,0.00
2023-10-02,25.20,16.90,0.00
2023-10-03,28.30,17.10,0.00
2023-10-04,27.20,17.90,0.00
2023-10-05,24.50,17.40,1.23
2023-10-06,22.30,13.10,0.61
2023-10-07,15.60,9.30,0.00
2023-10-08,11.50,7.40,0.15
2023-10-09,11.40,7.30,0.00
2023-10-10,12.80,7.70,0.28
2023-10-11,14.40,7.50,0.00
2023-10-12,16.10,7.20,0.00
2023-10-13,14.50,6.70,0.00
2023-10-14,13.10,9.90,0.00
2023-10-15,11.30,8.00,0.00
2023-10-16,12.90,8.20,0.00
2023-10-17,15.80,7.20,0.00
2023-10-18,14.30,9.40,0.00
2023-10-19,16.10,10.70,0.02
2023-10-20,15.00,10.10,0.57
2023-10-21,12.40,6.30,0.00
2023-10-22,11.20,3.50,0.00
2023-10-23,12.20,2.00,0.00
2023-10-24,18.30,9.30,0.00
2023-10-25,19.80,14.60,0.11
2023-10-26,18.10,14.30,0.80
2023-10-27,21.90,16.30,0.00
2023-10-28,18.00,7.50,0.00
2023-10-29,7.80,3.80,0.19
2023-10-30,7.90,1.00,0.22
2023-10-31,6.60,0.40,0.00
2023-11-01,5.50,0.10,0.00
2023-11-02,9.10,2.90,0.00
2023-11-03,14.00,8.20,0.00
2023-11-04,11.90,7.70,0.20
2023-11-05,10.30,4.10,0.00
2023-11-06,12.20,8.40,0.47
2023-11-07,n/a,n/a,n/a
2023-11-08,4.60,-1.20,1.53
2023-11-09,11.00,4.40,0.11
2023-11-10,11.50,3.40,0.00
2023-11-11,4.60,1.80,0.00
2023-11-12,4.90,0.00,0.00
2023-11-13,14.00,3.90,0.00
2023-11-14,9.40,4.90,0.00
2023-11-15,13.60,3.40,0.00
2023-11-16,12.30,4.60,0.00
2023-11-17,12.90,2.90,0.05
2023-11-18,8.50,0.50,0.00
2023-11-19,7.10,-0.60,0.00
2023-11-20,2.80,-3.10,0.00
2023-11-21,6.30,2.00,1.66
2023-11-22,7.10,3.00,0.28
2023-11-23,7.30,0.80,0.00
2023-11-24,1.60,-2.30,0.00
2023-11-25,3.80,-2.00,0.00
2023-11-26,6.80,1.60,0.91
2023-11-27,4.70,-3.00,0.00
2023-11-28,0.20,-3.90,0.00
2023-11-29,1.00,-3.60,0.00
2023-11-30,10.20,0.00,0.00
2023-12-01,9.80,1.20,0.90
2023-12-02,4.10,2.30,0.28
2023-12-03,3.50,1.60,0.21
2023-12-04,4.40,1.20,0.00
2023-12-05,3.10,0.30,0.01
2023-12-06,1.40,-1.80,0.00
2023-12-07,5.70,0.30,0.39
2023-12-08,7.90,4.00,0.00
2023-12-09,13.00,7.60,0.91
2023-12-10,10.90,2.80,0.07
2023-12-11,3.00,0.70,0.00
2023-12-12,5.70,-0.20,0.00
2023-12-13,3.60,-1.40,0.00
2023-12-14,5.50,-1.80,0.00
2023-12-15,13.20,3.70,0.00
2023-12-16,7.00,4.70,0.02
2023-12-17,8.40,5.90,1.20
2023-12-18,7.10,-1.70,0.18
2023-12-19,-0.20,-3.70,0.03
2023-12-20,4.40,-1.00,0.00
2023-12-21,3.10,-3.60,0.00
2023-12-22,1.20,-4.40,0.00
2023-12-23,4.80,0.80,0.75
2023-12-24,5.30,3.60,0.00
2023-12-25,7.00,3.50,0.00
2023-12-26,7.80,5.60,0.09
2023-12-27,8.40,7.20,1.64
2023-12-28,7.90,6.10,0.33
2023-12-29,7.10,2.60,0.45
2023-12-30,2.70,-0.30,0.00
2023-12-31,1.60,-1.00,0.23
2024-01-01,-0.70,-3.10,0.01
2024-01-02,1.50,-1.50,0.00
2024-01-03,3.10,0.60,0.00
2024-01-04,1.80,-6.00,0.00
2024-01-05,0.40,-2.10,0.00
2024-01-06,2.10,-3.50,0.50
2024-01-07,0.70,-4.20,0.01
2024-01-08,3.70,0.60,0.00
2024-01-09,7.00,0.60,3.12
2024-01-10,6.70,0.70,0.00
2024-01-11,2.80,0.60,0.33
2024-01-12,3.90,-0.10,1.18
2024-01-13,6.80,-2.90,0.33
2024-01-14,-2.50,-11.20,0.01
2024-01-15,-7.10,-12.50,0.00
2024-01-16,-6.30,-10.90,0.09
2024-01-17,-7.40,-14.20,0.00
2024-01-18,-2.80,-7.60,0.00
2024-01-19,-4.90,-13.80,0.00
2024-01-20,-7.00,-14.10,0.00
2024-01-21,-1.40,-10.70,0.00
2024-01-22,-0.20,-5.80,0.07
2024-01-23,2.40,-0.30,0.81
2024-01-24,3.00,0.90,0.72
2024-01-25,4.10,2.00,0.00
2024-01-26,6.10,2.10,1.76
2024-01-27,4.00,1.60,0.00
2024-01-28,3.70,1.70,0.02
2024-01-29,3.60,0.10,0.00
2024-01-30,3.20,0.70,0.00
2024-01-31,5.60,2.40,0.00
2024-02-01,5.20,3.00,0.00
2024-02-02,4.80,-1.40,0.00
2024-02-03,3.00,-2.70,0.00
2024-02-04,5.10,-4.00,0.00
2024-02-05,3.10,-0.50,0.00
2024-02-06,4.00,-1.20,0.00
2024-02-07,4.30,0.70,0.00
2024-02-08,8.60,1.30,0.00
2024-02-09,15.40,6.50,0.08
2024-02-10,11.40,3.80,0.00
2024-02-11,3.90,1.90,0.00
2024-02-12,3.90,-0.30,0.00
2024-02-13,4.90,-5.30,0.01
2024-02-14,0.20,-6.90,0.00
2024-02-15,1.20,-3.70,0.64
2024-02-16,0.60,-3.50,0.00
2024-02-17,-2.40,-6.90,0.01
2024-02-18,0.90,-5.60,0.01
2024-02-19,-1.10,-9.00,0.00
2024-02-20,3.70,-4.50,0.00
2024-02-21,9.70,0.90,0.00
2024-02-22,10.70,4.50,0.00
2024-02-23,11.00,-7.20,0.00
2024-02-24,-3.80,-11.90,0.00
2024-02-25,5.90,-4.40,0.00
2024-02-26,8.90,1.60,0.00
2024-02-27,13.00,3.40,1.79
2024-02-28,15.20,-4.60,0.73
2024-02-29,-1.10,-5.90,0.00
2024-03-01,8.50,-2.90,0.00
2024-03-02,7.00,5.30,0.03
2024-03-03,7.60,5.30,0.00
2024-03-04,14.20,5.10,0.00
2024-03-05,16.20,7.80,0.12
2024-03-06,9.10,4.10,0.01
2024-03-07,10.20,2.60,0.00
2024-03-08,8.40,3.80,0.07
2024-03-09,8.60,4.40,1.38
2024-03-10,4.70,-1.20,0.01
2024-03-11,8.40,-0.80,0.00
2024-03-12,14.00,2.60,0.00
2024-03-13,21.10,5.90,0.00
2024-03-14,10.60,6.40,1.71
2024-03-15,11.80,2.20,0.00
2024-03-16,9.20,1.30,0.18
2024-03-17,7.30,-0.20,0.00
2024-03-18,3.10,-1.30,0.02
2024-03-19,2.10,-0.90,0.20
2024-03-20,2.50,-4.30,0.09
2024-03-21,0.10,-5.60,0.00
2024-03-22,-2.20,-5.60,0.99
2024-03-23,2.90,-6.60,0.01
2024-03-24,0.50,-5.40,0.00
2024-03-25,7.70,0.20,0.00
2024-03-26,9.00,6.20,0.47
2024-03-27,10.70,3.60,0.04
2024-03-28,8.80,1.70,0.00
2024-03-29,8.30,0.50,0.00
2024-03-30,7.50,-0.90,0.00
2024-03-31,8.60,2.00,0.00
2024-04-01,11.80,3.10,0.00
2024-04-02,7.80,5.20,0.76
2024-04-03,6.10,1.40,5.66
2024-04-04,3.70,1.20,0.27
2024-04-05,6.90,1.20,0.00
2024-04-06,13.30,4.10,0.00
2024-04-07,14.40,5.50,0.00
2024-04-08,12.40,6.80,0.00
2024-04-09,17.40,5.90,0.00
2024-04-10,18.30,10.50,0.00
2024-04-11,14.40,8.00,2.65
2024-04-12,13.20,5.10,1.34
2024-04-13,12.30,4.40,0.12
2024-04-14,15.60,7.10,0.61
2024-04-15,17.70,6.80,0.00
2024-04-16,15.90,7.40,0.00
2024-04-17,11.00,5.10,1.80
2024-04-18,14.10,7.10,0.00
2024-04-19,15.70,6.70,0.14
2024-04-20,9.50,4.00,0.04
2024-04-21,10.70,4.40,0.00
2024-04-22,12.50,1.60,0.00
2024-04-23,15.20,8.00,0.12
2024-04-24,10.60,2.90,0.00
2024-04-25,7.90,1.20,0.00
2024-04-26,11.70,3.60,0.00
2024-04-27,15.10,7.80,0.38
2024-04-28,19.90,13.10,0.37
2024-04-29,14.30,8.30,0.89
2024-04-30,n/a,n/a,n/a
2024-05-01,n/a,n/a,n/a
2024-05-02,n/a,n/a,0.00
2024-05-03,20.10,11.00,0.00
2024-05-04,19.40,11.70,0.23
2024-05-05,19.40,10.50,0.28
2024-05-06,20.10,9.40,0.00
2024-05-07,20.40,8.70,0.00
2024-05-08,n/a,n/a,0.76
2024-05-09,21.60,9.30,0.05
2024-05-10,16.60,9.30,0.00
2024-05-11,17.20,9.90,0.00
2024-05-12,n/a,n/a,0.18
2024-05-13,n/a,n/a,0.05
2024-05-14,21.90,11.20,0.03
2024-05-15,21.90,13.70,0.00
2024-05-16,20.70,13.70,0.00
2024-05-17,20.70,13.80,0.00
2024-05-18,n/a,n/a,0.38
2024-05-19,n/a,n/a,0.00
2024-05-20,n/a,n/a,0.00
2024-05-21,n/a,n/a,0.00
2024-05-22,29.80,18.60,0.00
2024-05-23,28.20,16.30,0.03
2024-05-24,n/a,n/a,0.00
2024-05-25,27.30,12.90,0.74
2024-05-26,n/a,n/a,0.00
2024-05-27,n/a,n/a,3.07
2024-05-28,n/a,n/a,0.18
2024-05-29,21.00,14.00,0.23
2024-05-30,21.00,9.70,0.00
2024-05-31,n/a,n/a,0.00
2024-06-01,n/a,n/a,0.00
2024-06-02,24.30,11.80,0.28
2024-06-03,21.90,15.10,0.05
2024-06-04,n/a,n/a,0.00
2024-06-05,27.00,16.10,0.00
2024-06-06,n/a,n/a,0.18
2024-06-07,26.70,13.70,0.69
2024-06-08,22.10,13.30,0.05
2024-06-09,22.10,12.10,0.36
2024-06-10,18.90,12.10,0.10
2024-06-11,17.20,11.30,0.00
2024-06-12,n/a,n/a,0.00
2024-06-13,n/a,n/a,0.00
2024-06-14,28.20,16.50,0.18
2024-06-15,24.60,14.00,0.00
2024-06-16,22.90,14.00,0.00
2024-06-17,28.60,14.40,0.00
2024-06-18,30.70,16.00,0.99
2024-06-19,n/a,n/a,0.00
2024-06-20,33.10,21.50,2.03
2024-06-21,n/a,n/a,0.56
2024-06-22,24.70,20.00,0.23
2024-06-23,n/a,n/a,0.13
2024-06-24,n/a,n/a,0.00
2024-06-25,29.30,17.60,0.00
2024-06-26,29.20,17.60,0.00
2024-06-27,29.20,14.60,0.38
2024-06-28,22.70,13.10,0.00
2024-06-29,n/a,n/a,1.80
2024-06-30,n/a,n/a,0.00
2024-07-01,23.90,11.80,0.00
2024-07-02,23.90,11.80,0.00
2024-07-03,27.90,15.10,0.00
2024-07-04,n/a,n/a,0.00
2024-07-05,29.40,20.40,0.00
2024-07-06,n/a,n/a,0.30
2024-07-07,28.40,18.20,0.00
2024-07-08,29.40,18.20,0.00
2024-07-09,29.80,19.20,0.00
2024-07-10,28.90,18.70,3.30
2024-07-11,25.80,18.70,1.32
2024-07-12,n/a,n/a,0.00
2024-07-13,28.70,18.30,0.61
2024-07-14,28.60,18.50,0.00
2024-07-15,28.60,20.20,0.58
2024-07-16,n/a,n/a,10.97
2024-07-17,27.70,20.40,0.00
2024-07-18,27.50,16.80,0.00
2024-07-19,n/a,n/a,0.00
2024-07-20,26.60,13.80,0.00
2024-07-21,n/a,n/a,0.00
2024-07-22,28.00,18.10,0.00
2024-07-23,n/a,n/a,0.00
2024-07-24,26.00,20.90,0.00
2024-07-25,26.00,16.60,2.51
2024-07-26,n/a,n/a,0.00
2024-07-27,n/a,n/a,0.00
2024-07-28,n/a,n/a,0.00
2024-07-29,28.80,18.70,0.00
2024-07-30,28.70,19.90,0.00
2024-07-31,n/a,n/a,0.00
2024-08-01,n/a,n/a,0.30
2024-08-02,30.30,22.30,0.00
2024-08-03,27.70,23.20,0.00
2024-08-04,n/a,n/a,0.00
2024-08-05,30.20,19.60,0.05
2024-08-06,26.00,17.60,4.14
2024-08-07,n/a,n/a,0.00
2024-08-08,24.90,16.40,0.00
2024-08-09,n/a,n/a,0.61
2024-08-10,28.50,17.00,0.00
2024-08-11,24.40,16.50,0.03
2024-08-12,n/a,n/a,n/a
2024-08-13,n/a,n/a,0.00
2024-08-14,27.10,16.80,0.00
2024-08-15,n/a,n/a,0.00
2024-08-16,28.00,17.50,0.00
2024-08-17,26.20,19.20,0.38
2024-08-18,27.00,20.50,0.38
2024-08-19,n/a,n/a,0.13
2024-08-20,20.10,12.20,0.00
2024-08-21,21.90,11.40,0.00
2024-08-22,23.80,11.40,0.00
2024-08-23,24.60,12.30,0.00
2024-08-24,25.50,14.20,0.00
2024-08-25,26.90,15.40,0.00
2024-08-26,n/a,n/a,0.00
2024-08-27,n/a,n/a,0.00
2024-08-28,n/a,n/a,0.00
2024-08-29,25.00,17.30,0.00
2024-08-30,n/a,n/a,0.00
2024-08-31,27.50,17.10,0.89
2024-09-01,28.40,18.20,0.00
2024-09-02,n/a,n/a,0.00
2024-09-03,22.30,11.60,0.00
2024-09-04,n/a,n/a,0.00
2024-09-05,24.60,13.30,0.00
2024-09-06,24.90,16.60,0.03
2024-09-07,22.60,12.50,0.71
2024-09-08,n/a,n/a,0.00
2024-09-09,n/a,n/a,0.08
2024-09-10,n/a,n/a,0.20
2024-09-11,n/a,n/a,0.00
2024-09-12,24.20,13.00,0.00
2024-09-13,24.60,14.70,0.00
2024-09-14,24.60,16.00,0.00
2024-09-15,n/a,n/a,0.00
2024-09-16,28.60,17.60,0.00
2024-09-17,28.80,17.30,0.00
2024-09-18,25.70,17.00,0.00
2024-09-19,n/a,n/a,0.00
2024-09-20,25.50,16.30,0.00
2024-09-21,24.80,16.30,0.10
2024-09-22,24.10,17.20,0.76
2024-09-23,24.40,16.80,1.98
2024-09-24,21.90,16.80,0.43
2024-09-25,n/a,n/a,1.52
2024-09-26,n/a,n/a,0.00
2024-09-27,n/a,n/a,0.00
2024-09-28,22.70,14.60,0.00
2024-09-29,n/a,n/a,0.00
2024-09-30,22.80,16.70,0.00
2024-10-01,22.70,16.70,0.00
2024-10-02,21.70,10.50,0.56
2024-10-03,21.40,10.50,0.00
2024-10-04,22.00,10.60,0.00
2024-10-05,22.00,9.30,0.03
2024-10-06,23.80,9.30,0.00
2024-10-07,23.90,12.70,0.05
2024-10-08,16.90,8.00,0.20
2024-10-09,14.90,5.90,0.25
2024-10-10,n/a,n/a,0.00
2024-10-11,n/a,n/a,0.00
2024-10-12,22.30,5.90,0.00
2024-10-13,n/a,n/a,0.00
2024-10-14,12.90,6.10,0.03
2024-10-15,11.30,3.30,0.00
2024-10-16,11.50,3.30,0.00
2024-10-17,13.80,3.30,0.00
2024-10-18,17.30,3.30,0.00
2024-10-19,n/a,n/a,0.00
2024-10-20,n/a,n/a,0.00
2024-10-21,n/a,n/a,0.00
2024-10-22,23.10,12.60,0.00
2024-10-23,22.90,12.90,0.00
2024-10-24,n/a,n/a,0.00
2024-10-25,n/a,n/a,0.00
2024-10-26,12.90,6.30,0.00
2024-10-27,12.90,1.80,0.00
2024-10-28,12.90,1.80,0.00
2024-10-29,n/a,n/a,0.99
2024-10-30,21.40,6.60,0.00
2024-10-31,n/a,n/a,0.00
2024-11-01,n/a,n/a,0.03
2024-11-02,n/a,n/a,0.00
2024-11-03,9.80,1.90,0.00
2024-11-04,n/a,n/a,0.00
2024-11-05,n/a,n/a,0.00
2024-11-06,22.60,15.70,0.05